years_of_experience,aerodynamics_score,technological_score,Leader,Leadership_score
4,45,10,1,540
6,29,7,0,369
8,34,9,0,443
5,50,9,1,588
4,19,8,0,266
7,12,10,0,225
20,29,2,0,404
5,9,8,0,171
16,10,5,0,215
11,23,8,0,341
11,7,10,0,195
2,45,4,1,488
14,25,4,0,348
1,38,3,0,406
5,17,5,0,230
8,23,10,0,340
12,11,7,0,219
7,6,7,0,144
17,41,9,1,558
9,33,2,1,389
6,49,5,1,555
0,6,5,0,95
18,20,6,0,332
20,34,7,1,489
12,26,4,0,348
10,32,5,0,405
14,28,1,0,357
13,45,4,1,543
12,9,10,1,220
18,35,7,1,489
2,23,6,0,282
14,30,7,0,419
19,35,1,1,452
9,48,9,1,588
17,7,4,0,183
12,6,1,0,127
17,31,2,0,409
4,37,1,0,397
16,25,10,0,400
0,42,2,0,434
9,25,9,0,358
3,42,8,1,491
16,12,3,0,221
20,24,2,0,354
9,22,1,0,272
5,13,3,1,176
15,32,7,0,444
6,28,7,0,359
5,45,7,1,524
4,6,1,0,87
13,25,7,0,364
12,34,5,0,435
18,39,8,1,536
5,15,5,0,210
2,17,1,0,187
12,26,10,0,390
10,13,1,0,187
11,11,6,0,207
14,17,1,0,247
14,19,3,0,281
5,23,2,0,269
14,21,5,0,315
10,35,8,1,456
15,48,8,1,611
2,45,9,1,523
13,32,2,0,399
10,33,5,0,415
12,50,2,1,574
2,9,7,1,149
13,6,3,0,146
14,34,2,0,424
12,12,8,0,236
14,38,9,1,513
18,49,8,1,636
3,46,9,1,538
1,29,9,0,358
8,26,6,0,342
1,43,6,1,477
10,10,3,0,171
9,29,6,0,377
3,40,5,0,450
3,18,1,0,202
9,6,8,0,161
10,34,9,1,453
3,14,10,0,225
19,21,8,1,361
17,21,7,0,344
1,34,10,1,415
11,36,1,0,422
8,45,10,1,560
14,41,4,0,508
13,11,5,1,210
1,36,2,0,379
20,12,3,0,241
18,24,8,0,386
11,50,8,1,611
9,18,3,0,246
16,16,2,0,254
20,12,3,0,241
3,26,10,0,345
12,43,7,1,539
17,12,6,0,247
8,45,5,0,525
3,28,5,0,330
4,35,5,0,405
20,49,6,1,632
12,7,9,0,193
14,22,10,0,360
18,31,2,0,414
6,16,3,0,211
15,38,6,1,497
18,46,8,1,606
12,23,3,0,311
11,39,3,1,466
0,44,9,0,503
17,13,1,0,222
2,15,9,0,223
2,45,8,1,516
3,5,2,0,79
13,44,9,1,568
20,29,10,1,460
3,12,7,0,184
19,20,7,0,344
11,10,2,0,169
5,30,9,0,388
20,38,7,1,529
6,10,7,0,179
7,5,9,1,148
15,6,1,0,142
2,21,5,0,255
1,32,6,0,367
12,34,2,0,414
17,41,6,1,537
0,42,2,0,434
8,11,2,0,164
4,33,5,1,385
9,23,10,0,345
16,16,1,0,247
1,15,5,0,190
20,25,1,0,357
18,32,7,1,459
13,42,8,1,541
16,43,9,1,573
12,19,3,0,271
1,8,4,0,113
13,34,8,1,461
10,26,2,0,324
19,35,9,1,508
2,10,2,0,124
8,34,5,0,415
13,8,10,0,215
20,33,5,1,465
13,9,2,0,169
17,8,10,0,235
11,16,4,0,243
11,25,6,0,347
0,9,2,0,104
6,42,4,1,478
19,43,8,1,581
10,14,3,0,211
1,44,5,1,480
5,38,8,1,461
20,30,10,1,470
4,7,5,0,125
14,15,8,0,276
13,36,3,0,446
6,19,7,0,269
20,48,9,1,643
12,37,2,0,444
15,26,6,0,377
13,36,10,0,495
10,18,9,0,293
1,47,1,1,482
9,22,8,0,321
17,10,4,0,213
9,42,9,1,528
0,14,1,0,147
1,31,2,0,329
0,14,4,0,168
3,28,9,0,358
6,38,8,1,466
15,34,3,0,436
1,19,8,0,251
19,15,7,0,294
9,25,3,0,316
15,31,3,0,406
6,38,9,1,473
12,32,10,0,450
4,39,8,1,466
6,34,9,0,433
15,11,9,0,248
19,48,2,1,589
15,45,2,1,539
19,9,5,0,220
10,17,7,0,269
15,34,6,1,457
20,19,2,0,304
3,18,6,0,237
12,14,1,0,207
12,46,10,1,590
19,37,1,1,472
18,44,1,1,537
6,23,8,0,316
10,10,7,0,199
12,13,9,0,253
6,9,4,0,148
11,20,7,0,304
16,32,4,0,428
20,39,8,1,546
5,36,5,0,420
7,26,2,0,309
2,44,4,1,478
15,25,8,0,381
4,42,1,0,447
5,37,9,0,458
14,41,4,1,508
16,14,10,0,290
5,16,3,0,206
16,7,5,0,185
12,45,7,1,559
10,5,10,0,170
0,6,10,0,130
7,43,8,1,521
16,34,9,1,483
14,35,6,1,462
8,7,8,0,166
13,41,10,1,545
15,15,6,0,267
0,8,4,0,108
13,42,1,1,492
16,9,6,0,212
15,50,1,1,582
6,22,3,0,271
11,50,4,1,583
11,32,2,0,389
17,14,1,0,232
7,12,1,0,162
1,48,10,1,555
2,27,7,0,329
9,21,6,0,297
5,50,10,1,595
11,11,1,0,172
16,11,2,0,204
1,35,2,0,369
14,18,8,0,306
4,32,6,0,382
20,47,8,1,626
5,17,5,0,230
16,41,3,1,511
11,21,8,0,321
4,33,2,0,364
7,29,10,0,395
20,18,10,0,350
17,40,6,0,527
12,17,4,0,258
19,43,6,1,567
7,18,3,0,236
16,37,8,1,506
16,42,4,1,528
7,39,4,1,453
19,49,8,1,641
18,25,9,0,403
20,45,2,1,564
19,8,2,0,189
8,7,3,0,131
20,11,3,0,231
11,28,2,0,349
14,28,1,0,357
12,34,2,0,414
20,28,3,0,401
6,41,10,0,510
8,10,8,0,196
17,22,2,0,319
6,25,3,0,301
20,32,2,0,434
5,16,3,0,206
17,47,10,0,625
2,31,6,0,362
3,43,4,1,473
8,17,1,0,217
18,45,10,1,610
2,48,2,1,504
2,41,9,1,483
4,28,6,0,342
10,7,3,0,141
16,8,4,0,188
7,21,6,0,287
7,39,3,0,446
11,34,1,0,402
15,15,7,0,274
18,5,9,0,203
11,10,2,0,169
9,35,10,1,465
7,21,9,0,308
18,17,7,1,309
2,22,10,0,300
10,16,4,0,238
13,22,7,0,334
17,41,4,1,523
2,16,1,0,177
18,47,3,1,581
6,6,6,0,132
17,6,6,0,187
7,23,1,1,272
20,36,3,1,481
3,28,4,0,323
11,46,9,1,578
1,44,3,0,466
5,6,8,0,141
19,18,4,0,303
2,9,8,1,156
3,44,2,1,469
15,10,9,0,238
7,34,5,0,410
3,42,1,0,442
11,23,4,0,313
3,23,2,0,259
2,22,9,0,293
17,28,7,0,414
8,22,9,0,323
13,25,3,0,336
5,9,9,0,178
11,37,10,1,495
15,48,8,1,611
2,25,5,0,295
6,14,1,0,177
19,46,3,0,576
5,15,3,0,196
9,47,2,1,529
13,28,3,0,366
13,39,8,1,511
3,46,7,1,524
8,41,10,1,520
7,11,7,0,194
18,23,8,0,376
20,8,9,0,243
0,49,8,1,546
0,50,6,1,542
0,35,3,0,371
16,46,2,1,554
16,38,4,1,488
6,8,10,0,180
9,15,5,0,230
15,41,9,1,548
16,10,6,0,222
9,17,10,0,285
4,50,3,1,541
8,6,2,0,114
12,28,2,0,354
0,40,1,0,407
3,18,3,0,216
7,15,4,1,213
18,48,6,1,612
12,19,2,0,264
6,25,9,1,343
5,34,9,0,428
1,9,9,0,158
13,21,9,0,338
5,24,4,1,293
4,22,1,0,247
18,39,1,1,487
8,47,9,1,573
0,6,6,0,102
9,49,1,0,542
2,28,8,0,346
17,40,4,1,513
16,7,3,0,171
13,49,3,1,576
20,46,3,0,581
19,44,1,1,542
20,10,5,0,235
18,50,3,1,611
4,13,9,0,213
12,21,10,0,340
19,18,8,0,331
14,16,3,0,251
16,34,6,1,462
17,30,3,0,406
2,28,2,0,304
20,9,10,0,260
6,7,7,0,149
8,35,4,0,418
8,28,3,0,341
13,30,7,0,414
12,48,8,1,596
18,31,7,0,449
18,44,10,1,600
6,21,6,0,282
18,13,4,0,248
20,30,3,0,421
1,48,2,1,499
13,31,10,0,445
7,47,7,1,554
20,33,10,1,500
15,36,6,1,477
4,12,10,0,210
3,11,1,0,132
5,6,6,0,127
7,14,10,0,245
14,18,4,0,278
5,23,4,0,283
7,27,10,0,375
16,31,2,0,404
9,32,6,0,407
20,18,2,0,294
17,7,1,0,162
8,9,2,0,144
3,43,9,0,508
4,16,2,0,194
8,36,4,0,428
12,27,4,0,358
5,30,1,0,332
1,35,2,0,369
3,44,8,1,511
10,15,5,0,235
17,37,5,1,490
16,39,2,1,484
2,40,4,0,438
8,42,5,1,495
0,23,7,0,279
2,11,3,0,141
6,22,2,0,264
17,44,3,1,546
4,35,8,0,426
12,16,7,0,269
7,43,2,1,479
8,9,2,0,144
8,26,2,0,314
12,35,6,1,452
19,14,7,0,284
2,43,6,1,482
1,13,9,0,198
16,34,8,1,476
20,5,6,0,192
7,10,1,0,142
10,29,8,0,396
15,21,10,0,355
17,37,10,1,525
5,20,3,0,246
5,16,10,1,255
7,43,9,1,528
16,34,4,0,448
20,20,4,0,328
0,22,6,0,262
13,34,1,0,412
8,10,1,0,147
17,21,9,0,358
0,16,2,0,174
0,13,3,0,151
14,50,1,1,577
16,7,5,0,185
8,20,5,0,275
20,36,9,1,523
16,41,5,1,525
2,33,6,0,382
17,47,4,1,583
3,49,10,1,575
4,30,8,0,376
9,32,9,0,428
7,18,5,0,250
12,23,4,0,318
5,15,2,0,189
20,12,5,0,255
19,42,3,1,536
3,27,8,0,341
18,33,1,0,427
5,6,9,0,148
8,29,6,0,372
4,27,8,0,346
20,43,9,1,593
14,14,9,1,273
5,19,2,0,229
2,46,9,1,533
6,43,10,1,530
11,14,7,0,244
2,22,4,0,258
4,25,5,0,305
17,9,3,0,196
8,25,6,0,332
11,41,6,1,507
0,41,5,0,445
3,17,8,0,241
2,38,9,0,453
5,19,6,0,257
19,30,8,1,451
3,39,1,0,412
17,26,9,0,408
10,44,4,1,518
13,26,5,0,360
8,49,2,1,544
16,10,7,0,229
4,44,9,1,523
3,29,1,0,312
3,42,7,1,484
17,44,9,1,588
5,47,6,0,537
9,32,2,0,379
0,21,1,0,217
13,38,3,1,466
4,42,9,1,503
0,29,2,0,304
5,18,1,0,212
13,8,6,0,187
18,22,9,0,373
20,23,3,0,351
10,40,1,1,457
8,16,6,0,242
6,26,4,0,318
9,37,7,1,464
5,26,6,0,327
7,18,5,0,250
9,8,3,0,146
5,27,2,0,309
7,32,6,0,397
8,34,1,0,387
17,19,8,0,331
5,46,1,1,492
1,13,1,0,142
12,41,1,1,477
4,18,10,0,270
9,30,7,0,394
5,44,8,1,521
14,30,1,0,377
10,49,10,1,610
16,6,2,0,154
6,21,7,1,289
12,45,2,1,524
2,45,2,1,474
0,27,10,0,340
9,41,6,1,497
0,20,8,0,256
9,21,2,0,269
16,39,1,1,477
0,47,2,1,484
17,28,2,0,379
6,46,10,1,560
6,41,9,1,503
9,16,2,0,219
9,29,2,0,349
20,9,5,0,225
15,22,1,0,302
13,36,7,1,474
0,49,7,0,539
2,15,9,0,223
4,9,1,0,117
5,14,1,0,172
4,45,8,1,526
17,38,8,1,521
7,39,7,1,474
1,13,8,0,191
6,10,6,0,172
17,14,1,0,232
2,19,9,0,263
3,38,10,1,465
4,33,8,0,406
11,31,7,0,414
8,39,9,1,493
2,10,8,0,166
2,39,2,0,414
12,42,5,1,515
6,16,9,0,253
14,41,3,1,501
12,14,8,0,256
11,43,1,1,492
12,49,7,1,599
11,5,3,0,126
15,43,6,1,547
13,9,5,0,190
4,5,8,0,126
11,40,10,1,525
6,26,9,0,353
18,30,8,0,446
12,50,3,1,581
15,16,5,0,270
5,50,5,1,560
19,33,2,0,439
10,6,6,0,152
16,45,6,1,572
11,43,6,1,527
15,27,9,0,408
20,24,8,0,396
19,37,7,1,514
5,30,4,0,353
3,22,3,0,256
9,39,1,0,442
3,6,3,0,96
8,9,5,0,165
17,44,2,0,539
17,8,3,1,186
17,41,3,1,516
7,38,7,1,464
8,50,2,1,554
15,16,6,0,277
18,46,7,1,599
8,25,6,0,332
8,31,4,0,378
8,15,1,0,197
6,21,7,0,289
12,7,8,0,186
9,24,9,0,348
17,44,3,1,546
20,31,7,1,459
6,33,4,0,388
19,29,7,0,434
0,30,6,0,342
5,49,10,1,585
8,9,2,0,144
15,31,8,0,441
2,46,1,1,477
16,40,1,0,487
5,23,3,0,276
19,34,8,1,491
6,6,8,0,146
19,18,4,0,303
13,19,8,0,311
15,29,5,0,400
9,15,7,0,244
18,49,5,1,615
17,27,10,1,425
9,32,4,0,393
4,49,5,1,545
3,44,10,0,525
8,20,10,0,310
18,6,9,1,213
6,27,1,0,307
19,41,1,1,512
17,22,2,0,319
0,32,7,0,369
13,15,3,0,236
5,46,3,0,506
20,27,9,0,433
10,33,4,0,408
1,46,6,1,507
14,27,2,0,354
12,14,1,0,207
6,10,5,0,165
7,10,9,0,198
11,37,6,1,467
7,38,2,0,429
15,7,10,0,215
10,7,7,0,169
12,36,4,0,448
3,11,3,0,146
8,32,6,0,402
9,11,7,0,204
14,18,6,0,292
4,9,4,1,138
0,46,1,1,467
11,38,10,1,505
16,50,1,1,587
2,44,6,1,492
14,47,3,1,561
15,40,10,1,545
17,50,1,0,592
16,49,6,1,612
2,21,5,0,255
9,6,6,0,147
1,26,10,0,335
17,26,6,0,387
2,48,1,1,497
18,16,2,0,264
4,13,9,0,213
18,31,2,0,414
7,33,10,0,435
14,22,4,0,318
16,40,8,1,536
10,35,5,0,435
20,9,9,0,253
18,33,5,1,455
10,30,8,0,406
17,7,10,0,225
1,27,10,0,345
10,7,2,0,134
3,6,3,0,96
2,26,8,0,326
2,38,9,1,453
3,28,1,0,302
0,23,9,0,293
5,13,7,0,204
16,35,7,1,479
19,45,5,1,580
12,20,5,0,295
2,45,5,1,495
5,33,5,0,390
8,20,1,0,247
8,13,5,0,205
19,22,4,0,343
11,11,6,0,207
7,6,10,0,165
17,28,7,0,414
7,37,5,1,440
12,13,3,0,211
1,24,8,0,301
8,48,6,1,562
2,33,1,1,347
4,33,6,0,392
0,38,5,0,415
17,46,1,1,552
2,11,3,0,141
6,32,1,0,357
15,40,3,1,496
13,43,6,1,537
13,16,1,1,232
20,29,3,0,411
1,20,10,0,275
2,37,3,0,401
9,35,5,0,430
11,26,10,0,385
7,47,4,1,533
10,16,2,0,224
7,48,9,1,578
17,46,5,1,580
13,27,4,0,363
16,16,10,0,310
20,44,6,1,582
5,28,5,0,340
4,6,7,0,129
15,16,2,0,249
20,12,6,1,262
16,19,5,0,305
16,18,7,0,309
13,35,7,1,464
11,16,4,0,243
5,11,6,0,177
2,48,5,1,525
4,44,4,0,488
20,18,6,0,322
5,28,7,0,354
5,37,7,0,444
10,49,8,1,596
8,28,1,0,327
7,6,7,0,144
0,50,10,1,570
12,39,1,1,457
5,19,2,0,229
10,15,2,0,214
1,34,9,0,408
2,9,2,0,114
9,23,5,1,310
5,23,5,1,290
16,25,7,0,379
18,17,7,0,309
18,6,10,0,220
13,28,10,0,415
9,25,2,0,309
2,23,7,0,289
16,19,7,0,319
15,49,4,1,593
0,45,9,1,513
6,15,5,0,215
19,34,9,1,498
15,16,5,0,270
8,23,8,0,326
13,20,4,0,293
5,12,9,0,208
17,48,6,1,607
12,29,5,0,385
5,14,7,0,214
4,11,1,0,137
20,20,5,0,335
10,14,1,0,197
10,43,10,1,550
9,11,9,0,218
2,29,4,0,328
1,11,9,0,178
10,35,6,0,442
15,6,6,0,177
7,21,4,0,273
12,37,2,0,444
14,33,2,0,414
18,45,1,1,547
3,18,7,0,244
15,14,8,0,271
17,45,3,1,556
18,19,3,0,301
20,6,3,0,181
7,44,9,1,538
4,30,8,0,376
6,11,6,0,182
15,49,10,1,635
20,34,4,0,468
19,29,10,1,455
8,46,2,1,514
19,28,7,0,424
4,42,6,1,482
19,21,5,0,340
15,33,4,0,433
5,14,1,0,172
12,9,1,0,157
3,39,8,1,461
15,16,2,0,249
9,38,8,1,481
20,9,5,0,225
15,15,2,0,239
15,46,10,1,605
2,8,9,0,153
16,22,1,0,307
10,27,10,1,390
10,24,6,1,332
5,44,3,1,486
13,26,2,0,339
13,22,8,0,341
2,21,6,0,262
19,24,5,0,370
4,48,7,1,549
16,42,8,1,556
13,16,9,0,288
12,37,1,0,437
12,49,6,1,592
9,22,8,0,321
5,29,5,0,350
14,9,1,0,167
17,12,3,0,226
5,19,6,1,257
3,40,2,0,429
19,16,5,0,290
18,17,6,0,302
18,37,9,1,523
3,35,6,0,407
6,45,3,1,501
17,45,4,0,563
7,27,4,0,333
20,19,1,0,297
19,45,7,1,594
10,7,7,0,169
7,7,2,0,119
11,32,8,0,431
0,18,8,0,236
2,46,8,1,526
1,16,5,0,200
13,13,9,0,258
6,24,7,0,319
9,48,10,1,595
13,7,5,0,170
13,23,9,0,358
5,7,1,0,102
5,20,9,0,288
3,44,2,1,469
1,41,2,0,429
3,36,8,0,431
13,16,8,0,281
7,10,8,0,191
1,29,4,0,323
20,42,1,1,527
17,33,8,1,471
19,41,2,0,519
12,37,6,1,472
18,14,7,0,279
14,43,1,1,507
6,10,8,0,186
14,27,3,0,361
14,45,2,1,534
16,42,4,1,528
8,49,5,1,565
20,13,10,0,300
3,34,8,0,411
15,44,5,0,550
5,48,8,0,561
19,34,5,1,470
12,22,6,0,322
8,10,6,0,182
17,41,10,1,565
8,36,6,1,442
5,22,8,0,301
2,13,7,0,189
17,44,4,0,553
3,14,6,0,197
9,23,8,0,331
18,14,7,0,279
15,37,5,1,480
0,32,6,0,362
13,5,7,0,164
10,43,1,1,487
17,47,4,0,583
1,17,3,1,196
5,17,3,0,216
17,10,1,0,192
4,48,1,1,507
8,29,2,0,344
5,30,2,0,339
11,46,1,1,522
14,34,3,0,431
19,25,5,0,380
15,46,9,1,598
11,18,5,1,270
6,20,3,0,251
11,37,9,1,488
19,19,10,0,355
11,25,9,0,368
3,40,10,1,485
17,43,1,1,522
2,38,7,0,439
2,33,2,0,354
5,37,5,0,430
16,34,10,1,490
9,5,1,0,102
8,34,1,0,387
20,17,3,0,291
2,29,4,0,328
14,49,10,1,630
14,39,10,1,530
0,31,8,1,366
3,21,4,0,253
0,25,7,0,299
13,43,1,1,502
0,44,5,1,475
13,25,5,0,350
20,7,10,0,240
18,7,3,0,181
12,7,10,0,200
15,18,9,0,318
6,29,5,0,355
15,48,1,1,562
4,10,10,0,190
2,18,10,0,260
18,24,7,0,379
3,45,4,1,493
8,22,4,0,288
18,15,4,0,268
19,10,6,0,237
20,37,7,1,519
5,21,10,0,305
6,11,6,0,182
18,7,4,0,188
20,23,3,0,351
14,32,3,0,411
17,7,6,0,197
10,41,6,1,502
7,38,5,0,450
18,49,4,1,608
7,42,10,1,525
3,41,5,1,460
15,45,9,1,588
18,28,8,0,426
13,44,8,1,561
2,36,9,0,433
1,21,6,0,257
14,43,9,1,563
5,39,4,0,443
4,6,6,0,122
10,50,8,0,606
14,30,2,0,384
15,32,7,0,444
16,42,6,1,542
7,13,7,0,214
5,18,1,0,212
3,11,8,0,181
0,27,7,0,319
8,16,2,1,214
20,5,8,0,206
15,32,3,0,416
12,33,9,1,453
11,6,10,0,185
4,28,7,0,349
13,19,1,0,262
15,28,5,0,390
11,33,3,0,406
10,34,6,0,432
20,23,4,0,358
16,31,3,0,411
7,29,5,0,360
4,44,4,1,488
4,22,2,1,254
5,17,8,0,251
8,42,10,1,530
11,6,7,0,164
6,19,9,0,283
12,25,6,0,352
8,24,2,0,294
2,28,9,0,353
18,49,8,1,636
9,32,10,0,435
7,26,10,0,365
3,17,4,1,213
19,31,8,1,461
10,5,4,0,128
18,18,8,0,326
14,16,6,0,272
7,12,4,0,183
14,15,7,0,269
6,10,7,0,179
0,43,1,0,437
18,40,7,1,539
9,32,10,0,435
13,46,1,1,532
18,44,7,1,579
5,24,6,0,307
11,44,3,1,516
6,25,1,0,287
8,19,10,0,300
3,48,8,1,551
19,49,4,0,613
9,13,9,0,238
9,25,3,0,316
3,40,1,0,422
4,23,8,1,306
3,11,4,0,153
2,15,5,0,195
18,31,8,1,456
9,29,7,0,384
11,47,10,1,595
17,5,2,0,149
14,26,9,0,393
5,46,8,1,541
18,44,6,1,572
14,5,1,0,127
20,18,9,0,343
4,19,3,0,231
19,19,9,0,348
12,21,10,0,340
16,36,5,1,475
10,46,10,1,580
1,12,7,0,174
12,28,3,0,361
9,23,8,0,331
15,25,3,0,346
4,37,4,0,418
12,20,3,1,281
17,40,4,1,513
0,21,4,0,238
8,9,10,0,200
17,17,8,1,311
11,49,2,1,559
6,13,3,0,181
12,36,9,0,483
9,35,8,1,451
5,48,2,0,519
17,14,3,0,246
14,39,1,0,467
1,8,8,0,141
14,38,8,1,506
9,33,9,0,438
15,48,3,1,576
15,11,3,0,206
15,16,8,0,291
12,44,5,0,535
6,14,2,0,184
8,48,5,1,555
11,27,7,0,374
7,8,4,0,143
6,20,3,0,251
20,20,10,0,370
2,12,7,0,179
18,46,2,1,564
0,42,9,1,483
4,11,5,0,165
17,32,4,0,433
10,8,2,0,144
0,32,5,0,355
9,7,9,0,178
6,30,5,0,365
7,6,8,0,151
3,20,1,0,222
18,35,9,1,503
10,25,5,0,335
13,16,10,0,295
2,19,9,0,263
6,43,6,1,502
20,45,2,1,564
1,43,3,1,456
15,30,7,0,424
13,6,4,0,153
2,18,2,0,204
6,33,8,0,416
10,30,10,0,420
5,32,10,1,415
3,8,10,0,165
9,47,3,1,536
1,45,3,0,476
7,24,2,0,289
7,50,3,1,556
13,16,1,0,232
1,15,9,0,218
16,18,3,0,281
7,37,10,1,475
3,49,2,1,519
16,12,10,0,270
7,28,7,0,364
10,14,7,0,239
2,46,8,0,526
7,24,2,0,289
1,11,1,0,122
2,41,9,1,483
6,36,9,1,453
16,21,3,0,311
20,50,6,1,642
13,43,7,1,544
16,33,4,0,438
3,44,9,1,518
18,24,1,0,337
18,39,9,1,543
7,25,7,0,334
10,49,3,0,561
12,32,6,0,422
15,19,7,0,314
17,35,9,0,498
14,17,5,0,275
12,15,1,1,217
12,28,9,0,403
13,43,9,1,558
6,50,4,1,558
5,39,4,0,443
1,34,6,0,387
2,23,10,0,310
16,13,8,0,266
19,31,6,0,447
14,15,2,0,234
15,44,6,1,557
18,40,4,1,518
12,25,9,0,373
8,23,8,0,326
17,9,2,0,189
13,6,2,0,139
8,35,7,0,439
11,31,1,0,372
3,14,9,0,218
12,46,8,1,576
0,31,1,0,317
16,13,5,0,245
18,22,10,0,380
3,41,5,1,460
15,16,6,0,277
20,18,9,0,343
7,10,3,0,156
17,15,2,0,249
8,20,2,0,254
9,22,7,0,314
20,13,10,0,300
3,18,6,0,237
4,18,1,0,207
20,47,7,1,619
15,19,3,0,286
9,49,9,1,598
3,22,10,0,305
13,18,8,0,301
4,10,3,0,141
18,48,8,0,626
8,32,8,0,416
16,28,2,0,374
8,25,1,0,297
7,25,3,0,306
4,37,9,1,453
17,10,3,0,206
16,35,5,1,465
9,47,5,1,550
14,17,3,0,261
6,30,9,0,393
7,47,8,1,561
7,44,7,1,524
6,19,9,0,283
9,12,7,0,214
16,19,9,0,333
12,43,6,1,532
3,41,6,1,467
6,48,7,1,559
16,49,1,1,577
7,5,2,0,99
16,13,6,0,252
14,44,2,1,524
8,8,8,0,176
12,20,3,1,281
3,11,1,0,132
11,23,8,0,341
4,42,5,1,475
0,18,10,0,250
7,9,10,0,195
14,8,10,0,220
2,25,1,0,267
11,29,5,0,380
1,30,6,0,347
14,16,3,0,251
3,41,3,0,446
8,48,10,1,590
2,24,7,0,299
8,31,10,0,420
10,18,5,0,265
1,13,6,0,177
3,11,7,0,174
6,16,1,0,197
14,35,8,1,476
20,23,6,0,372
10,6,8,0,166
5,30,8,0,381
16,46,4,1,568
8,50,9,0,603
17,41,9,1,558
19,43,2,0,539
15,23,10,0,375
3,10,1,0,122
13,6,10,0,195
8,47,10,1,580
9,31,2,0,369
12,7,5,0,165
2,12,7,0,179
0,21,8,0,266
5,49,4,0,543
9,43,6,1,517
4,49,9,1,573
20,7,10,0,240
2,22,2,0,244
8,8,6,0,162
17,9,8,1,231
12,36,7,1,469
1,25,5,0,290
2,13,3,0,161
20,47,5,1,605
6,5,8,0,136
14,41,2,1,494
19,18,5,0,310
10,21,6,0,302
19,19,5,0,320
3,12,10,0,205
10,18,2,0,244
18,25,5,0,375
17,47,2,1,569
16,28,9,0,423
2,21,4,0,248
14,31,1,0,387
15,28,1,0,362
1,44,5,1,480
9,49,1,1,542
16,17,7,0,299
14,8,1,0,157
13,20,7,0,314
16,9,1,0,177
16,32,8,1,456
8,28,6,0,362
16,12,9,0,263
13,42,6,1,527
10,11,1,0,167
20,26,2,0,374
19,38,9,1,538
12,23,5,0,325
19,7,5,0,200
13,36,9,1,488
5,43,2,1,469
0,10,4,0,128
9,21,9,0,318
1,40,9,1,468
16,40,2,1,494
7,35,4,0,413
17,44,5,1,560
1,40,6,0,447
4,43,2,1,464
16,17,7,0,299
9,30,10,0,415
7,13,5,0,200
15,5,6,0,167
8,25,9,0,353
14,15,4,0,248
16,12,2,0,214
17,25,7,0,384
8,31,8,0,406
17,16,7,0,294
9,14,10,0,255
6,8,9,0,173
9,46,4,1,533
10,33,7,0,429
5,20,5,0,260
7,22,5,1,290
18,22,6,0,352
14,34,2,0,424
1,8,7,0,134
11,12,10,0,245
19,44,6,0,577
15,24,7,0,364
10,37,10,0,490
19,6,8,0,211
2,9,6,0,142
10,33,10,0,450
10,38,9,0,493
0,50,7,1,549
19,32,4,0,443
10,39,1,0,447
16,37,10,0,520
5,33,5,0,390
11,25,2,1,319
2,20,4,0,238
2,9,8,0,156
10,35,4,0,428
20,27,8,0,426
20,46,9,1,623
3,14,9,0,218
14,45,1,1,527
2,44,1,1,457
14,22,3,0,311
3,42,4,1,463
17,9,3,0,196
12,44,10,1,570
17,36,3,1,466
9,29,10,0,405
1,28,1,0,292
5,5,5,0,110
18,18,6,0,312
18,31,3,1,421
2,22,9,0,293
14,43,10,1,570
3,21,6,0,267
9,25,7,0,344
7,41,8,1,501
13,10,1,0,172
7,18,3,0,236
4,44,1,1,467
6,15,1,0,187
11,48,3,1,556
9,25,4,0,323
8,38,8,1,476
4,44,6,1,502
9,7,4,0,143
8,10,6,0,182
6,18,3,0,231
11,16,7,0,264
7,47,3,1,526
13,18,4,0,273
16,18,1,0,267
19,15,6,0,287
13,29,9,0,418
8,36,8,1,456
6,43,3,1,481
8,14,9,0,243
13,45,4,1,543
16,6,2,0,154
19,39,10,1,555
20,36,8,1,516
3,17,5,0,220
14,41,9,0,543
0,36,6,0,402
14,38,8,1,506
6,16,9,0,253
3,29,5,0,340
11,7,3,0,146
1,16,6,0,207
4,12,8,0,196
11,39,4,1,473
20,7,1,0,177
0,44,1,0,447
3,31,2,0,339
17,16,4,0,273
7,15,7,0,234
1,18,1,0,192
7,22,1,0,262
19,49,9,1,648
18,44,6,1,572
19,12,5,0,250
3,33,2,1,359
15,13,7,0,254
3,15,1,0,172
19,44,10,1,605
19,29,9,0,448
8,13,8,0,226
0,19,8,0,246
10,38,9,1,493
5,17,9,0,258
5,18,9,0,268
4,12,10,0,210
10,10,5,0,185
16,7,4,0,178
6,15,10,0,250
16,35,9,1,493
5,29,10,0,385
7,5,8,0,141
20,21,3,0,331
8,37,6,1,452
6,21,2,0,254
0,41,3,0,431
16,38,6,1,502
1,41,9,0,478
1,21,9,0,278
0,7,8,1,126
2,14,6,0,192
17,31,7,0,444
11,36,7,1,464
2,48,4,0,518
10,18,6,0,272
1,48,8,1,541
12,20,9,0,323
16,28,1,0,367
5,24,5,0,300
9,29,7,0,384
16,37,2,1,464
9,20,5,0,280
0,44,10,1,510
0,49,4,1,518
7,26,3,0,316
12,39,6,1,492
0,26,8,0,316
10,41,3,1,481
4,21,9,0,293
20,30,1,0,407
1,11,8,0,171
17,5,7,0,184
5,34,10,0,435
6,48,1,1,517
11,9,3,0,166
20,8,7,0,229
3,31,9,0,388
9,38,7,1,474
7,18,1,0,222
6,40,9,1,493
15,7,2,0,159
17,46,2,1,559
17,18,3,0,286
14,28,4,0,378
3,49,6,1,547
2,37,3,0,401
17,20,1,0,292
17,29,4,0,403
15,38,6,1,497
14,12,9,0,253
13,30,3,0,386
7,19,5,0,260
4,18,1,0,207
11,49,6,1,587
1,7,7,1,124
14,18,4,0,278
17,39,6,0,517
13,6,6,0,167
6,27,7,0,349
5,45,9,1,538
10,37,3,0,441
16,43,10,1,580
19,17,8,0,321
0,32,10,0,390
11,8,4,0,163
0,26,1,0,267
6,7,7,0,149
12,9,7,1,199
13,24,5,0,340
10,32,1,0,377
20,10,9,0,263
4,13,8,0,206
4,14,8,0,216
19,8,1,0,182
2,45,5,1,495
8,30,9,0,403
0,45,10,1,520
1,19,1,0,202
12,22,2,0,294
20,50,2,1,614
0,38,6,0,422
15,49,7,0,614
16,41,3,1,511
4,6,4,0,108
19,46,8,1,611
2,37,2,0,394
19,43,10,1,595
9,38,2,0,439
12,18,9,0,303
7,34,4,0,403
8,8,3,0,141
7,34,3,0,396
18,39,1,1,487
19,39,8,1,541
2,48,3,1,511
19,25,4,0,373
13,11,7,0,224
5,46,2,1,499
3,25,1,0,272
6,20,9,0,293
5,49,4,1,543
14,33,3,0,421
5,40,8,1,481
8,29,10,0,400
12,32,10,0,450
20,49,2,1,604
3,19,1,0,212
7,5,7,0,134
0,47,4,1,498
9,50,3,0,566
14,47,8,1,596
13,13,6,0,237
13,30,3,0,386
0,44,10,1,510
0,41,9,1,473
9,24,7,0,334
12,32,9,0,443
11,11,2,0,179
4,29,5,0,345
6,25,10,0,350
20,15,4,0,278
2,35,1,0,367
7,37,4,1,433
6,25,10,0,350
18,16,9,0,313
3,32,7,0,384
12,48,7,1,589
20,33,5,1,465
0,39,3,0,411
8,44,5,1,515
18,48,5,1,605
8,22,1,0,267
6,50,5,1,565
11,39,3,1,466
2,32,5,0,365
12,50,4,1,588
20,33,9,0,493
4,30,5,0,355
14,31,2,0,394
13,50,2,1,579
16,45,1,1,537
16,50,1,1,587
10,50,4,1,578
15,19,2,0,279
6,11,1,0,147
13,42,10,1,555
5,18,3,0,226
15,28,8,0,411
10,32,2,0,384
11,6,1,0,122
13,11,5,0,210
17,5,9,0,198
10,15,10,0,270
11,33,1,0,392
15,16,8,0,291
19,42,8,1,571
2,34,6,0,392
4,39,3,0,431
19,13,4,0,253
4,21,7,0,279
16,20,4,0,308
18,20,6,0,332
0,13,6,0,172
9,5,10,0,165
12,35,5,0,445
19,40,9,1,558
12,24,7,0,349
10,35,10,1,470
13,30,4,0,393
9,16,3,0,226
15,45,5,1,560
10,49,2,1,554
4,45,2,0,484
3,40,9,1,478
6,16,1,0,197
7,6,1,0,102
18,36,6,0,492
5,5,1,0,82
11,42,3,1,496
14,32,6,0,432
12,25,5,1,345
18,8,3,1,191
7,9,2,0,139
9,5,10,0,165
13,43,1,1,502
8,6,2,0,114
10,8,3,0,151
15,16,9,0,298
13,17,6,0,277
4,22,10,0,310
3,32,1,0,342
0,26,2,0,274
13,45,6,1,557
19,34,4,1,463
12,27,5,0,365
13,30,9,0,428
12,48,3,1,561
5,11,6,0,177
18,18,3,0,291
8,38,1,0,427
12,30,2,0,374
10,38,3,1,451
17,15,3,0,256
13,42,6,1,527
7,36,10,1,465
1,44,1,1,452
5,14,4,0,193
4,15,4,0,198
8,10,3,0,161
19,32,1,1,422
2,26,6,0,312
13,19,6,0,297
3,14,10,0,225
0,35,4,0,378
11,22,6,0,317
3,43,9,1,508
1,50,5,1,540
12,43,1,1,497
12,10,1,0,167
17,33,10,1,485
3,26,2,0,289
15,35,4,1,453
17,33,2,0,429
16,38,6,1,502
18,30,6,0,432
10,42,1,1,477
17,42,4,1,533
3,21,9,0,288
17,32,8,1,461
3,43,6,1,487
9,35,5,0,430
13,21,1,0,282
11,47,9,1,588
17,19,5,0,310
0,22,8,0,276
2,6,8,0,126
8,24,6,0,322
13,18,3,0,266
11,50,5,1,590
14,23,8,0,356
16,44,4,1,548
3,50,5,1,550
20,30,2,0,414
2,40,5,0,445
8,48,10,1,590
7,32,3,0,376
12,33,5,0,425
9,8,9,0,188
2,41,10,1,490
20,26,7,0,409
4,26,10,0,350
2,26,2,0,284
6,24,5,0,305
9,29,6,0,377
8,33,3,0,391
15,42,5,1,530
4,33,1,0,357
15,28,8,0,411
19,17,9,0,328
19,45,5,1,580
10,35,5,1,435
19,49,2,1,599
14,5,3,0,141
15,14,6,0,257
1,24,4,0,273
16,11,8,0,246
17,49,5,1,610
20,43,3,1,551
20,22,6,0,362
7,44,10,0,545
6,11,2,0,154
13,30,6,1,407
15,44,8,1,571
8,45,7,1,539
7,8,7,0,164
8,25,2,0,304
16,36,3,1,461
9,43,7,1,524
7,43,1,0,472
1,13,6,0,177
5,24,3,0,286
2,34,4,0,378
19,12,7,0,264
3,12,2,0,149
15,7,3,1,166
10,24,2,0,304
8,21,4,0,278
12,22,5,0,315
11,43,4,1,513
8,18,8,0,276
1,35,5,0,390
1,20,7,0,254
17,35,1,0,442
19,15,7,0,294
17,46,2,1,559
10,45,5,1,535
15,15,6,0,267
8,25,1,0,297
2,16,5,0,205
8,11,3,0,171
2,34,9,0,413
7,28,8,0,371
19,45,4,1,573
0,5,4,0,78
3,38,3,0,416
9,39,5,1,470
11,46,7,1,564
1,26,5,0,300
1,20,1,0,212
17,32,10,1,475
20,44,8,1,596
8,29,5,0,365
12,19,2,0,264
18,19,10,0,350
20,48,4,1,608
19,34,2,0,449
8,24,3,0,301
13,34,10,0,475
11,6,9,0,178
14,40,2,1,484
8,7,5,0,145
11,26,2,0,329
6,18,10,0,280
1,34,4,0,373
0,38,7,0,429
20,24,3,0,361
1,46,5,1,500
0,6,9,0,123
7,42,2,1,469
6,48,3,1,531
1,15,7,0,204
8,29,7,1,379
12,25,10,0,380
17,15,8,0,291
1,47,5,1,510
8,6,10,0,170
9,39,10,1,505
18,5,3,0,161
3,16,4,0,203
0,36,6,0,402
8,22,2,0,274
8,21,4,0,278
8,28,2,0,334
11,14,3,0,216
14,50,6,1,612
1,38,10,1,455
2,25,1,0,267
17,5,2,0,149
19,7,4,1,193
14,19,6,0,302
5,25,4,0,303
10,11,2,0,174
1,13,5,0,170
7,22,6,0,297
3,26,1,0,282
7,12,6,0,197
17,49,3,1,596
4,43,7,1,499
9,5,1,0,102
14,23,6,0,342
12,36,2,0,434
3,30,8,0,371
8,47,5,0,545
17,12,2,0,219
17,39,8,1,531
3,48,8,0,551
14,47,3,1,561
19,30,2,0,409
20,41,7,1,559
0,9,10,0,160
5,20,8,0,281
16,49,3,1,591
11,48,5,1,570
10,18,10,0,300
15,16,5,0,270
14,47,1,1,547
17,13,6,0,257
17,34,7,0,474
4,44,4,1,488
13,38,1,1,452
7,39,4,1,453
16,7,7,0,199
1,24,10,0,315
2,45,7,0,509
9,10,6,0,187
11,9,4,0,173
9,38,4,1,453
7,29,9,0,388
0,22,7,0,269
2,10,10,0,180
5,20,6,0,267
4,33,9,0,413
15,18,3,0,276
19,40,4,1,523
6,29,10,0,390
6,47,3,1,521
11,37,4,1,453
1,38,4,0,413
8,42,3,1,481
8,50,7,1,589
20,27,8,1,426
0,20,6,0,242
12,19,7,0,299
0,14,7,0,189
12,36,6,1,462
14,30,2,0,384
20,6,7,0,209
4,15,4,0,198
15,35,3,0,446
13,20,3,0,286
19,47,2,0,579
10,34,7,0,439
7,5,5,0,120
18,37,4,1,488
13,45,2,1,529
5,24,1,0,272
13,42,1,1,492
5,6,9,0,148
2,39,3,0,421
2,39,4,0,428
15,17,6,0,287
4,17,7,0,239
5,24,10,0,335
1,17,9,0,238
16,20,6,0,322
3,33,3,0,366
10,36,1,0,417
2,23,3,0,261
6,16,4,0,218
4,20,5,0,255
9,49,3,0,556
19,13,5,0,260
2,8,9,0,153
15,45,9,1,588
5,24,3,0,286
15,8,10,0,225
14,13,10,0,270
3,11,4,0,153
5,36,7,0,434
11,9,9,0,208
0,17,2,0,184
4,18,9,0,263
4,50,7,1,569
11,10,8,0,211
11,38,3,1,456
20,29,10,1,460
6,16,7,0,239
9,11,6,1,197
8,12,3,0,181
17,6,2,1,159
3,30,10,0,385
2,14,3,0,171
20,49,10,1,660
8,46,4,0,528
14,28,3,0,371
6,39,4,1,448
3,35,3,1,386
2,8,5,0,125
13,43,10,1,565
17,30,8,0,441
18,48,5,1,605
10,10,1,0,157
13,26,5,0,360
18,47,10,1,630
15,43,8,1,561
1,9,4,0,123
7,21,1,0,252
7,47,10,1,575
5,23,1,0,262
14,15,7,0,269
8,30,9,0,403
13,9,3,0,176
14,16,1,0,237
1,13,4,0,163
3,19,8,0,261
15,49,9,1,628
4,8,6,0,142
4,30,7,0,369
6,38,2,0,424
3,46,10,1,545
9,50,6,1,587
12,45,9,1,573
15,42,7,1,544
13,15,10,0,285
15,35,8,1,481
0,33,5,0,365
11,17,4,0,253
3,26,5,0,310
18,44,9,1,593
5,20,1,0,232
14,14,6,0,252
0,44,4,1,468
14,28,1,0,357
11,31,1,1,372
19,16,5,0,290
19,49,10,1,655
7,44,1,1,482
5,17,10,1,265
11,25,7,0,354
20,7,1,0,177
10,13,2,1,194
0,13,4,0,158
15,45,7,1,574
15,37,6,1,487
7,42,9,1,518
10,11,10,0,230
20,31,5,0,445
13,19,3,0,276
11,17,1,0,232
6,7,6,0,142
14,15,3,0,241
6,15,6,0,222
0,18,6,0,222
17,12,8,0,261
8,43,1,1,477
11,17,8,0,281
13,25,8,0,371
19,6,7,0,204
17,34,6,1,467
20,29,4,0,418
8,19,5,0,265
13,19,10,0,325
3,7,4,0,113
7,8,10,0,185
15,12,5,0,230
19,20,1,0,302
19,50,4,0,623
5,39,3,0,436
2,47,7,1,529
9,17,9,0,278
9,20,1,0,252
19,45,10,0,615
3,20,4,0,243
3,10,5,0,150
3,23,3,0,266
14,38,5,1,485
20,18,9,0,343
16,26,8,0,396
16,46,10,1,610
17,9,10,0,245
14,6,2,0,144
9,37,8,1,471
8,47,5,1,545
14,9,7,0,209
5,19,5,0,250
2,26,2,0,284
7,43,3,1,486
3,14,4,0,183
1,15,9,0,218
17,44,8,0,581
9,31,7,0,404
1,19,6,0,237
7,19,2,0,239
19,17,10,0,335
5,45,9,1,538
7,13,10,0,235
2,9,6,0,142
8,27,8,0,366
9,43,7,1,524
3,13,5,0,180
3,40,10,1,485
11,9,9,0,208
0,19,3,0,211
14,9,6,0,202
14,44,4,0,538
1,24,10,0,315
11,38,1,0,442
5,34,10,0,435
11,44,10,1,565
8,39,9,1,493
7,9,10,0,195
4,49,6,1,552
18,11,4,0,228
1,33,9,0,398
5,16,4,0,213
11,10,3,0,176
2,49,3,1,521
17,7,10,0,225
11,15,2,0,219
19,8,9,0,238
3,49,3,1,526
4,9,1,0,117
2,24,9,0,313
16,22,5,0,335
13,7,5,0,170
6,39,3,0,441
20,11,7,0,259
20,37,10,1,540
0,13,9,0,193
10,15,7,0,249
17,33,2,0,429
0,31,4,0,338
7,20,1,0,242
6,43,6,1,502
8,8,10,0,190
5,18,9,0,268
6,40,5,1,465
2,29,7,0,349
19,27,6,0,407
13,34,8,1,461
9,21,4,0,283
12,43,4,1,518
13,33,8,0,451
17,39,1,1,482
1,17,9,0,238
19,38,9,1,538
13,38,10,1,515
15,40,4,1,503
4,15,1,0,177
4,46,8,1,536
12,20,8,0,316
8,34,8,0,436
15,44,9,1,578
17,19,5,0,310
7,34,7,0,424
2,11,6,0,162
6,15,7,0,229
11,38,5,1,470
17,36,7,1,494
12,46,8,1,576
9,29,4,0,363
0,46,10,0,530
15,39,4,1,493
1,19,4,0,223
7,50,2,1,549
19,34,3,0,456
0,35,8,0,406
9,36,5,0,440
3,30,10,0,385
8,43,5,1,505
12,43,8,1,546
15,22,1,0,302
10,43,2,1,494
2,21,7,0,269
16,20,4,0,308
7,27,7,0,354
6,14,1,0,177
13,42,7,1,534
19,28,10,0,445
16,17,3,0,271
14,30,4,0,398
3,46,8,0,531
9,17,4,0,243
10,16,4,0,238
10,31,1,0,367
0,17,5,0,205
15,35,5,1,460
14,29,9,0,423
9,8,10,0,195
7,25,6,0,327
11,30,8,0,411
0,13,10,0,200
19,42,6,0,557
9,44,2,1,499
1,6,6,0,107
1,37,8,0,431
8,45,3,1,511
17,5,1,0,142
8,48,10,1,590
1,20,6,0,247
10,38,2,0,444
8,23,1,0,277
1,45,2,1,469
7,27,2,0,319
7,42,9,1,518
20,14,2,0,254
16,48,6,1,602
20,30,1,0,407
0,41,6,1,452
10,20,1,0,257
11,11,4,0,193
15,12,6,0,237
16,39,6,1,512
17,24,4,0,353
19,11,7,0,254
14,33,4,1,428
2,38,1,0,397
13,32,3,0,406
5,38,1,0,412
7,33,5,0,400
19,30,7,0,444
15,49,6,1,607
14,12,1,0,197
8,24,1,0,287
8,33,10,0,440
1,50,2,1,519
2,41,10,1,490
7,33,2,0,379
13,15,10,0,285
13,5,4,0,143
1,36,6,0,407
11,46,6,1,557
17,35,6,1,477
6,37,6,0,442
3,14,9,0,218
19,49,6,1,627
3,46,1,1,482
6,16,1,0,197
19,24,4,0,363
20,31,8,1,466
6,28,4,0,338
15,7,3,0,166
20,37,2,0,484
20,15,3,0,271
13,12,2,0,199
3,7,9,0,148
11,24,5,1,330
3,26,1,0,282
0,23,10,0,300
16,8,9,0,223
2,8,6,0,132
18,12,6,0,252
15,24,9,0,378
1,40,4,0,433
18,18,7,0,319
17,17,8,0,311
17,12,9,0,268
2,33,5,0,375
11,13,6,0,227
1,19,2,0,209
15,45,7,1,574
19,16,7,0,304
9,7,5,0,150
17,22,7,0,354
14,13,4,0,228
14,33,4,0,428
20,20,2,0,314
19,37,9,1,528
10,36,8,1,466
5,23,2,0,269
18,42,6,1,552
8,28,9,0,383
7,39,10,1,495
14,35,1,0,427
0,18,3,1,201
19,28,7,0,424
14,21,8,0,336
15,38,6,1,497
11,36,4,0,443
16,34,10,1,490
2,43,7,0,489
1,32,10,0,395
17,37,10,1,525
10,26,3,0,331
20,39,6,1,532
10,9,3,0,161
3,5,9,0,128
4,27,5,0,325
14,39,5,1,495
16,29,2,0,384
2,19,7,1,249
11,27,1,0,332
6,17,7,0,249
19,45,8,1,601
12,50,3,1,581
13,44,6,1,547
6,7,10,0,170
17,13,10,0,285
16,28,4,0,388
20,20,6,0,342
15,18,5,0,290
5,48,8,1,561
10,18,2,0,244
4,43,8,1,506
11,10,2,0,169
15,14,5,0,250
18,16,1,0,257
19,23,3,0,346
2,19,4,0,228
9,33,1,0,382
14,35,4,0,448
0,6,6,0,102
1,6,3,0,86
7,46,5,1,530
3,18,1,0,202
19,23,4,0,353
16,42,9,1,563
18,8,7,0,219
14,25,6,0,362
7,31,10,1,415
0,35,5,0,385
3,20,6,0,257
14,24,6,0,352
7,17,7,0,254
0,31,4,0,338
11,8,2,0,149
4,16,7,0,229
8,46,3,1,521
5,47,9,1,558
8,11,8,0,206
9,35,6,0,437
0,26,6,0,302
9,39,7,1,484
10,24,8,0,346
19,47,4,1,593
17,38,8,1,521
7,25,3,0,306
18,23,1,0,327
15,14,5,0,250
16,18,10,0,330
2,23,8,0,296
16,23,3,0,331
16,27,10,0,420
10,30,1,0,357
8,42,1,1,467
20,18,6,0,322
11,36,5,0,450
14,16,10,0,300
16,31,1,0,397
8,44,7,1,529
3,48,9,0,558
0,49,6,1,532
8,14,6,0,222
8,50,2,0,554
5,14,8,0,221
5,29,6,0,357
17,30,2,0,399
11,23,5,1,320
13,7,4,0,163
6,37,10,0,470
0,12,9,0,183
2,14,6,0,192
2,10,3,0,131
14,27,6,0,382
20,46,7,1,609
17,43,1,1,522
6,28,8,0,366
20,30,7,0,449
14,12,5,0,225
11,47,4,1,553
19,10,7,0,244
5,18,10,0,275
13,28,1,0,352
7,48,3,1,536
14,6,10,0,200
10,31,8,0,416
17,49,6,1,617
17,48,4,1,593
5,49,2,0,529
0,26,3,0,281
20,18,7,0,329
10,26,5,0,345
1,27,1,0,282
6,23,6,0,302
3,45,3,1,486
19,32,3,0,436
0,5,6,0,92
2,17,4,0,208
4,19,2,0,224
15,43,6,1,547
8,48,3,1,541
15,45,2,0,539
5,12,4,0,173
3,17,9,0,248
6,16,2,0,204
1,27,8,0,331
13,9,10,0,225
8,39,4,1,458
12,18,8,0,296
12,24,6,0,342
8,27,1,0,317
2,17,9,0,243
14,42,10,1,560
1,37,10,0,445
16,6,2,0,154
1,37,2,0,389
12,29,4,0,378
16,47,1,1,557
18,6,7,0,199
15,39,2,1,479
16,42,1,1,507
19,39,9,1,548
0,24,1,0,247
8,18,4,0,248
13,26,3,0,346
8,7,3,0,131
3,24,7,0,304
9,49,2,1,549
1,8,3,0,106
15,9,1,0,172
11,22,3,0,296
19,5,9,0,208
17,45,5,1,570
19,13,10,0,295
5,48,2,1,519
0,38,4,0,408
15,46,2,1,549
7,39,4,1,453
11,21,10,0,335
3,42,3,1,456
7,30,4,0,363
7,6,10,0,165
7,26,2,0,309
4,44,7,1,509
18,37,4,1,488
18,25,10,0,410
5,7,8,0,151
15,28,4,0,383
1,8,3,0,106
19,42,2,1,529
5,23,3,0,276
6,25,7,0,329
16,16,3,0,261
0,29,4,0,318
20,11,10,0,280
19,30,3,1,416
3,44,9,1,518
19,33,3,0,446
6,45,5,1,515
9,36,3,0,426
7,35,10,1,455
10,49,9,1,603
2,30,2,0,324
9,34,2,0,399
0,23,1,0,237
6,38,8,1,466
13,24,10,0,375
19,5,1,0,152
10,25,2,0,314
5,22,3,1,266
0,31,2,0,324
8,38,9,1,483
20,7,10,0,240
9,23,10,0,345
1,26,9,0,328
15,26,1,0,342
2,38,2,0,404
11,45,9,1,568
2,15,5,0,195
14,26,8,0,386
20,49,4,1,618
5,49,7,1,564
12,10,9,0,223
12,21,9,0,333
17,49,3,1,596
17,27,6,0,397
6,29,9,0,383
16,33,3,0,431
8,9,9,0,193
12,25,9,0,373
11,44,1,0,502
6,47,9,1,563
1,45,9,0,518
11,25,5,0,340
16,6,2,0,154
14,38,2,1,464
8,19,9,0,293
5,27,1,0,302
11,44,4,1,523
10,48,9,1,593
16,30,8,0,436
7,35,9,1,448
2,7,5,0,115
5,32,9,0,408
17,26,4,0,373
13,8,9,0,208
8,12,3,0,181
19,43,9,0,588
19,38,10,1,545
17,44,4,0,553
17,39,10,1,545
14,48,10,1,620
6,28,9,0,373
6,10,7,0,179
3,46,6,0,517
9,24,10,0,355
12,26,5,0,355
16,24,3,0,341
11,8,10,0,205
20,19,5,0,325
18,15,4,0,268
13,37,1,0,442
1,28,4,0,313
8,8,3,0,141
18,50,4,1,618
4,18,1,0,207
14,30,4,0,398
4,15,5,0,205
13,40,7,1,514
14,32,6,0,432
7,20,7,0,284
5,19,4,0,243
11,29,8,0,401
19,22,6,0,357
1,47,9,1,538
0,8,4,0,108
6,6,10,0,160
14,32,9,1,453
6,14,2,0,184
13,33,4,0,423
5,26,10,0,355
14,34,5,0,445
3,48,10,1,565
4,14,4,0,188
16,40,6,1,522
15,46,3,1,556
1,15,5,1,190
13,31,6,0,417
7,13,1,0,172
0,29,3,0,311
10,36,5,0,445
8,10,10,0,210
20,13,5,0,265
5,12,7,0,194
0,44,9,1,503
15,8,4,1,183
9,21,5,0,290
14,20,10,0,340
17,8,1,0,172
20,35,9,1,513
1,34,7,1,394
1,46,2,1,479
9,47,5,0,550
19,46,1,1,562
3,41,5,1,460
2,21,1,0,227
11,15,6,0,247
2,50,3,1,531
16,19,3,0,291
17,34,6,1,467
18,26,9,0,413
20,30,3,0,421
5,18,4,0,233
3,37,8,0,441
15,28,7,0,404
0,33,5,0,365
6,49,6,1,562
14,22,8,0,346
9,50,7,1,594
8,26,2,0,314
7,41,3,0,466
12,19,1,0,257
2,50,5,1,545
20,6,10,0,230
15,44,10,0,585
8,33,10,0,440
7,39,6,1,467
0,31,8,0,366
16,27,8,0,406
12,43,9,0,553
19,8,8,1,231
18,9,7,0,229
9,27,8,0,371
11,22,10,0,345
15,34,5,0,450
7,24,2,0,289
8,11,2,0,164
18,21,4,0,328
13,45,7,1,564
1,22,1,1,232
12,30,2,1,374
4,26,2,0,294
5,44,7,0,514
20,16,8,0,316
18,45,3,1,561
14,34,2,1,424
1,24,7,0,294
14,33,4,0,428
3,40,3,0,436
7,45,7,1,534
0,6,9,0,123
5,43,10,1,525
7,42,5,1,490
16,39,6,1,512
0,44,10,1,510
2,22,1,0,237
14,33,1,0,407
11,21,7,0,314
3,10,10,0,185
10,19,2,0,254
7,36,6,0,437
8,43,6,0,512
19,5,8,1,201
12,21,4,0,298
1,43,1,0,442
16,35,7,1,479
15,21,4,0,313
13,22,1,0,292
3,10,6,1,157
12,25,1,0,317
17,35,4,1,463
2,22,7,0,279
16,33,5,0,445
16,9,4,1,198
13,36,4,1,453
3,35,4,0,393
17,45,10,0,605
20,29,7,0,439
4,38,9,1,463
7,10,8,0,191
15,20,2,1,289
11,44,2,1,509
4,27,5,0,325
5,34,2,0,379
5,18,5,0,240
15,36,10,1,505
3,12,10,0,205
11,17,10,0,295
0,31,3,0,331
1,25,6,0,297
10,43,7,1,529
8,49,7,1,579
14,36,3,1,451
2,22,9,0,293
19,26,2,0,369
20,38,2,1,494
20,16,1,0,267
3,38,7,0,444
8,28,1,0,327
13,21,6,0,317
18,47,1,1,567
3,48,2,0,509
16,28,8,0,416
18,22,2,0,324
6,21,5,0,275
18,49,8,1,636
15,42,4,1,523
13,29,9,0,418
6,44,1,1,477
8,40,10,1,510
7,13,3,0,186
1,30,8,0,361
20,37,4,0,498
7,30,3,0,356
19,49,8,0,641
9,21,3,0,276
15,45,9,1,588
3,46,2,1,489
20,18,3,0,301
2,21,7,0,269
17,21,1,0,302
7,25,4,0,313
3,22,3,0,256
9,20,3,0,266
4,34,1,1,367
0,44,7,1,489
11,41,8,1,521
6,36,5,0,425
14,10,10,0,240
16,10,2,0,194
2,23,5,0,275
3,24,2,0,269
17,37,5,1,490
0,49,6,1,532
5,48,6,1,547
4,22,2,0,254
9,26,8,0,361
10,22,1,0,277
10,28,3,0,351
13,43,6,1,537
3,27,2,0,299
9,38,10,1,495
14,20,5,0,305
20,42,4,1,548
11,30,7,0,404
19,11,5,0,240
0,50,1,1,507
5,24,4,0,293
13,45,6,1,557
11,11,7,0,214
1,36,3,0,386
18,39,9,1,543
1,41,4,0,443
11,50,1,1,562
17,47,4,1,583
2,23,2,0,254
15,42,7,1,544
15,16,8,0,291
7,26,9,0,358
13,22,2,0,299
9,24,1,0,292
19,46,8,1,611
5,12,5,0,180
7,44,9,1,538
18,12,3,0,231
15,27,10,0,415
3,35,3,0,386
18,17,8,0,316
6,23,9,0,323
15,12,4,0,223
14,31,6,0,422
0,33,1,1,337
6,9,9,0,183
0,32,3,0,341
19,18,7,0,324
15,44,5,1,550
18,22,2,0,324
15,39,3,1,486
8,31,8,0,406
16,11,4,0,218
7,29,1,0,332
3,11,2,0,139
5,47,4,1,523
20,6,6,0,202
5,40,4,1,453
8,23,10,0,340
19,34,1,0,442
19,5,5,0,180
3,11,10,0,195
17,15,3,0,256
8,24,3,0,301
13,44,7,1,554
15,6,7,0,184
5,23,8,1,311
19,5,5,0,180
6,33,8,0,416
12,18,2,0,254
6,40,7,1,479
17,22,9,0,368
18,33,8,1,476
10,17,10,0,290
18,39,9,0,543
11,48,2,1,549
15,16,1,0,242
3,33,7,0,394
13,44,4,0,533
19,27,8,0,421
1,50,6,1,547
9,36,1,0,412
1,35,3,0,376
11,44,5,1,530
2,30,6,0,352
0,12,5,0,155
6,13,10,0,230
16,18,2,0,274
18,6,8,0,206
15,40,4,1,503
11,30,10,0,425
5,34,10,0,435
1,20,9,0,268
20,12,6,0,262
12,49,7,1,599
12,10,8,0,216
7,9,9,0,188
13,20,2,0,279
0,6,6,0,102
20,38,3,1,501
20,5,6,0,192
14,35,7,1,469
6,12,2,0,164
9,20,9,0,308
8,16,1,0,207
7,18,9,0,278
11,35,5,0,440
12,38,6,1,482
10,14,3,0,211
8,43,8,0,526
12,42,4,1,508
10,19,10,0,310
18,36,3,1,471
15,49,1,1,572
20,9,10,0,260
20,36,8,1,516
20,24,2,0,354
7,11,8,0,201
15,10,7,0,224
5,35,7,0,424
9,16,9,0,268
15,40,6,1,517
19,28,5,0,410
0,37,7,0,419
18,43,9,1,583
5,24,5,0,300
19,21,2,0,319
17,40,2,1,499
6,44,1,1,477
10,13,9,0,243
19,47,3,1,586
19,19,7,0,334
13,43,8,1,551
13,34,7,1,454
2,19,3,0,221
20,17,3,1,291
18,12,10,0,280
8,45,2,1,504
2,27,3,0,301
13,6,8,0,181
11,9,5,0,180
0,23,5,0,265
12,13,8,0,246
1,50,1,1,512
17,10,1,0,192
19,22,1,0,322
15,21,7,0,334
13,45,9,1,578
12,25,10,0,380
15,48,9,1,618
12,35,8,1,466
3,8,4,0,123
20,40,10,0,570
8,32,6,0,402
15,46,5,1,570
1,48,9,1,548
14,34,9,1,473
1,24,6,0,287
9,20,6,0,287
0,10,5,0,135
18,24,3,0,351
11,43,2,1,499
14,46,7,1,579
12,42,8,1,536
7,30,1,0,342
17,21,4,0,323
0,15,1,0,157
16,25,10,0,400
2,41,10,0,490
19,41,8,1,561
2,37,3,0,401
4,40,8,1,476
4,17,2,0,204
14,44,4,1,538
14,40,7,1,519
5,33,6,0,397
13,34,4,0,433
1,30,9,0,368
6,50,5,1,565
6,40,5,1,465
17,27,8,0,411
1,35,10,0,425
1,38,7,0,434
9,16,3,0,226
14,33,7,0,449
2,19,1,0,207
17,18,4,0,293
20,23,7,0,379
19,46,4,1,583
20,28,10,0,450
12,23,6,0,332
0,25,9,0,313
17,5,8,0,191
5,35,7,0,424
3,23,7,0,294
17,46,9,1,608
13,45,6,1,557
16,46,9,1,603
20,6,4,0,188
10,22,6,0,312
18,29,8,0,436
9,34,4,0,413
14,33,6,0,442
17,24,2,0,339
19,49,5,1,620
5,28,2,0,319
3,17,7,0,234
19,25,4,0,373
8,45,9,1,553
7,5,10,0,155
18,28,4,0,398
17,8,10,0,235
1,15,1,0,162
12,29,4,0,378
3,22,7,0,284
16,44,5,1,555
1,6,2,0,79
1,49,9,0,558
8,29,9,0,393
20,18,4,0,308
1,42,4,0,453
6,46,7,1,539
17,43,4,1,543
1,41,9,0,478
2,18,4,0,218
8,20,3,0,261
16,42,7,0,549
20,38,8,1,536
16,21,7,0,339
19,13,8,0,281
11,29,1,0,352
11,47,1,1,532
17,16,10,0,315
17,18,3,0,286
11,36,6,1,457
9,25,6,0,337
4,39,5,0,445
11,23,7,0,334
11,6,10,0,185
17,6,7,0,194
20,48,5,1,615
12,23,2,0,304
12,33,6,1,432
11,38,10,1,505
4,30,7,0,369
18,17,3,0,281
8,20,3,0,261
1,47,5,1,510
14,39,5,1,495
20,16,8,0,316
6,6,8,0,146
10,43,6,1,522
18,36,10,1,520
18,25,3,0,361
5,17,3,1,216
2,19,5,0,235
12,35,8,0,466
0,46,5,1,495
17,8,2,0,179
4,29,2,0,324
11,36,4,0,443
14,35,9,1,483
19,13,2,0,239
8,12,1,0,167
16,8,4,0,188
17,49,10,1,645
10,38,10,0,500
0,34,1,0,347
8,39,5,1,465
16,18,3,0,281
18,15,7,0,289
10,23,7,0,329
4,41,10,0,500
17,17,9,0,318
17,15,7,0,284
3,34,2,0,369
9,35,2,0,409
15,39,2,1,479
13,28,10,0,415
17,14,10,0,295
13,39,6,1,497
7,26,5,0,330
12,20,3,0,281
16,40,8,1,536
7,10,6,0,177
0,42,10,1,490
4,22,1,0,247
18,15,8,0,296
9,37,7,1,464
15,35,4,1,453
15,20,3,0,296
15,21,7,0,334
4,49,6,1,552
19,13,2,0,239
6,46,5,1,525
13,15,9,0,278
17,19,5,0,310
13,39,6,1,497
12,40,10,1,530
17,6,4,0,173
10,41,2,1,474
10,50,3,1,571
4,16,3,0,201
11,23,9,0,348
2,48,1,1,497
6,41,5,1,475
7,34,10,0,445
19,33,1,0,432
2,29,1,0,307
20,6,7,1,209
11,33,10,1,455
15,12,4,1,223
18,19,1,1,287
2,48,9,1,553
16,32,3,0,421
10,12,3,0,191
11,15,9,0,268
4,50,4,1,548
15,5,9,0,188
13,8,7,0,194
13,14,5,0,240
1,32,5,0,360
17,12,6,0,247
12,28,5,0,375
20,30,5,0,435
11,17,9,0,288
7,45,9,1,548
12,27,2,0,344
16,36,3,1,461
15,37,5,1,480
12,47,6,1,572
12,28,5,0,375
17,45,5,1,570
20,37,6,1,512
2,42,4,1,458
18,19,4,0,308
12,31,4,0,398
9,11,2,1,169
11,8,6,0,177
18,30,9,1,453
16,21,4,0,318
4,33,7,1,399
0,36,6,0,402
11,8,6,0,177
19,26,9,0,418
16,43,9,1,573
3,43,4,1,473
13,17,9,0,298
19,17,10,0,335
0,14,6,0,182
20,7,10,0,240
13,10,1,1,172
9,36,3,0,426
16,7,1,0,157
6,42,6,1,492
19,42,8,1,571
12,9,2,0,164
18,18,5,1,305
3,30,5,0,350
12,27,1,0,337
3,29,5,0,340
10,18,8,0,286
12,44,7,1,549
12,15,7,0,259
4,39,9,1,473
17,11,8,0,251
6,8,6,0,152
10,9,6,0,182
10,46,7,1,559
15,50,2,1,589
13,13,1,0,202
17,17,4,0,283
18,47,10,1,630
10,39,7,1,489
1,7,9,0,138
6,31,10,0,410
5,23,7,0,304
3,44,1,1,462
9,16,2,0,219
18,40,1,1,497
2,37,6,0,422
11,37,7,1,474
7,25,2,0,299
15,47,6,1,587
17,29,5,0,410
17,5,10,0,205
2,23,2,0,254
17,38,10,1,535
4,26,6,0,322
12,34,8,1,456
0,31,2,0,324
3,10,9,0,178
19,34,10,1,505
8,39,2,0,444
8,39,7,1,479
11,16,8,0,271
4,9,7,0,159
19,13,3,0,246
10,44,1,1,497
1,24,3,0,266
19,23,4,0,353
10,9,7,0,189
1,5,3,0,76
16,25,7,0,379
19,45,5,1,580
6,12,6,0,192
6,22,1,0,257
4,45,4,1,498
3,15,9,1,228
12,23,4,0,318
9,42,7,1,514
5,16,7,0,234
15,10,5,0,210
8,34,4,0,408
14,15,8,0,276
10,11,3,0,181
19,19,4,0,313
6,36,4,0,418
15,11,10,0,255
14,50,1,1,577
6,22,10,0,320
11,19,10,0,315
8,35,4,0,418
3,50,5,1,550
5,20,6,1,267
6,17,7,0,249
12,24,6,0,342
8,6,3,0,121
5,16,10,0,255
17,26,1,1,352
2,17,1,0,187
3,44,7,1,504
16,22,1,0,307
19,24,10,0,405
8,35,5,0,425
4,17,4,1,218
8,48,1,1,527
17,45,9,0,598
9,23,9,0,338
4,21,6,0,272
5,35,8,0,431
0,23,5,0,265
17,44,8,1,581
13,10,10,0,235
8,47,2,1,524
0,47,9,1,533
11,45,6,1,547
14,13,10,0,270
15,32,1,0,402
8,33,5,1,405
13,9,8,0,211
13,23,2,0,309
5,7,9,0,158
10,31,7,1,409
14,44,3,1,531
20,19,6,0,332
17,8,6,1,207
18,41,9,1,563
20,7,6,0,212
20,34,8,1,496
3,50,8,1,571
13,46,1,1,532
11,7,1,0,132
12,44,1,1,507
14,34,10,1,480
2,11,4,0,148
13,46,1,0,532
4,23,2,0,264
7,45,10,1,555
20,23,8,0,386
8,35,3,0,411
16,8,6,0,202
18,47,2,1,574
0,9,2,0,104
7,13,2,0,179
7,27,6,0,347
16,14,8,0,276
3,24,9,0,318
11,9,10,0,215
13,14,3,0,226
10,25,3,1,321
19,40,4,0,523
0,6,4,0,88
1,36,5,0,400
2,25,6,0,302
19,42,7,1,564
7,45,3,1,506
4,23,10,0,320
4,39,5,0,445
17,14,5,0,260
9,27,8,0,371
16,30,5,0,415
9,41,8,1,511
12,21,6,0,312
15,42,6,1,537
13,43,8,1,551
11,10,8,0,211
7,36,4,0,423
4,25,4,0,298
7,8,2,0,129
10,7,10,0,190
19,26,3,1,376
3,5,1,0,72
13,19,9,0,318
20,6,5,0,195
13,23,6,0,337
13,12,9,0,248
14,36,2,0,444
9,24,5,0,320
5,28,9,0,368
16,13,9,0,273
16,29,7,0,419
1,44,5,0,480
15,8,2,0,169
4,49,2,1,524
13,13,1,0,202
16,41,5,1,525
17,36,4,0,473
14,7,4,0,168
12,28,5,0,375
9,16,8,0,261
10,19,2,0,254
13,24,9,0,368
2,22,8,0,286
9,6,5,0,140
20,45,5,1,585
9,50,7,1,594
14,14,8,1,266
2,44,8,1,506
8,20,2,0,254
8,27,7,0,359
18,30,5,0,425
3,49,9,1,568
3,44,8,1,511
13,21,6,0,317
20,48,7,1,629
5,12,8,0,201
12,35,10,1,480
6,21,10,0,310
17,26,9,0,408
9,35,2,0,409
2,41,9,1,483
19,16,3,0,276
7,29,1,0,332
7,5,6,0,127
9,7,6,0,157
20,30,10,1,470
6,7,7,0,149
12,25,1,0,317
6,12,5,0,185
20,37,5,1,505
16,27,2,0,364
3,11,1,1,132
7,27,4,0,333
11,25,5,0,340
11,34,4,1,423
13,17,7,0,284
9,15,6,1,237
12,14,4,0,228
2,25,5,0,295
18,17,1,0,267
13,10,3,0,186
17,17,5,0,290
6,29,2,0,334
2,9,5,0,135
16,22,1,0,307
12,13,4,0,218
12,46,1,1,527
11,40,9,1,518
10,35,7,0,449
12,9,1,0,157
7,28,6,0,357
1,31,4,0,343
1,36,3,0,386
8,29,5,0,365
3,21,2,0,239
15,42,8,1,551
16,5,10,0,200
3,21,2,0,239
3,28,3,0,316
11,23,1,0,292
3,31,6,0,367
7,27,2,0,319
0,28,6,0,322
9,9,5,0,170
11,11,6,0,207
20,32,2,0,434
10,41,1,1,467
6,14,9,0,233
17,13,1,0,222
8,16,8,0,256
4,24,8,0,316
3,33,6,0,387
3,32,2,0,349
2,17,1,1,187
15,46,8,1,591
13,11,6,1,217
16,26,5,0,375
9,40,4,1,473
16,36,4,1,468
6,15,3,0,201
14,49,5,1,595
4,30,2,0,334
15,14,2,0,229
6,13,7,0,209
12,36,6,1,462
16,29,2,0,384
16,41,4,1,518
16,16,2,0,254
5,42,10,1,515
3,8,5,0,130
5,8,10,0,175
13,34,7,1,454
10,17,6,0,262
11,36,6,1,457
8,18,7,0,269
2,32,1,1,337
8,47,7,1,559
9,6,4,0,133
7,7,6,0,147
5,15,1,0,182
16,23,6,0,352
5,42,10,1,515
3,34,6,0,397
0,15,7,0,199
3,21,3,0,246
8,16,3,0,221
15,37,5,1,480
15,31,9,0,448
10,40,2,1,464
20,30,7,0,449
9,31,5,0,390
5,26,7,0,334
13,11,1,0,182
18,27,7,0,409
13,46,9,1,588
18,21,1,0,307
12,26,8,0,376
2,20,2,0,224
16,26,8,0,396
17,8,1,0,172
6,50,5,1,565
16,36,9,1,503
9,33,1,0,382
18,10,2,0,204
7,50,4,0,563
15,37,4,1,473
7,45,8,1,541
15,22,1,0,302
18,47,1,1,567
8,17,8,1,266
8,32,3,0,381
0,46,9,0,523
9,34,10,1,455
6,20,5,0,265
18,9,3,0,201
9,42,8,1,521
2,40,2,1,424
13,11,7,0,224
1,47,7,1,524
18,43,7,0,569
16,32,3,0,421
18,44,7,1,579
0,10,10,0,170
7,22,4,0,283
12,23,3,0,311
4,15,3,0,191
2,29,2,0,314
14,48,9,1,613
6,37,9,1,463
17,48,2,1,579
14,16,4,0,258
7,20,10,0,305
4,24,2,0,274
6,34,8,0,426
16,33,3,0,431
11,29,10,0,415
20,32,2,0,434
2,33,1,0,347
20,49,3,1,611
17,16,10,0,315
1,48,9,1,548
13,24,4,0,333
14,32,6,0,432
11,39,9,1,508
3,26,8,0,331
10,5,3,0,121
3,6,8,0,131
13,10,6,0,207
4,17,5,0,225
15,9,1,0,172
18,12,7,0,259
19,45,7,1,594
13,12,7,0,234
3,41,8,1,481
13,28,8,0,401
20,23,7,0,379
3,40,4,0,443
12,30,7,0,409
15,27,4,0,373
5,18,1,0,212
5,12,8,0,201
14,35,4,0,448
17,36,1,1,452
0,34,1,0,347
19,24,3,0,356
1,50,10,1,575
5,10,3,0,146
9,9,8,0,191
13,12,6,0,227
6,45,8,1,536
6,43,10,1,530
2,43,3,1,461
2,47,3,1,501
20,33,5,0,465
10,28,2,0,344
17,24,3,0,346
7,24,10,0,345
17,11,3,0,216
17,15,1,0,242
17,34,1,0,432
14,17,9,0,303
9,31,10,1,425
9,50,9,1,608
14,16,10,0,300
12,8,5,0,175
3,20,1,0,222
18,41,5,1,535
1,37,4,0,403
4,40,3,0,441
6,15,7,1,229
6,42,9,1,513
6,24,3,0,291
9,42,2,1,479
19,24,6,0,377
5,39,9,1,478
4,24,9,0,323
16,31,4,0,418
8,39,4,0,458
16,11,9,0,253
18,21,5,0,335
8,30,3,0,361
16,45,3,1,551
2,12,3,0,151
5,30,6,0,367
8,31,5,0,385
4,13,2,0,164
0,37,6,0,412
6,5,7,0,129
15,42,9,1,558
6,49,9,1,583
17,35,5,0,470
5,37,2,0,409
14,50,4,1,598
2,18,2,0,204
18,10,8,0,246
5,31,6,0,377
12,22,6,0,322
19,11,7,1,254
2,47,4,1,508
17,27,3,0,376
14,20,2,0,284
6,26,7,0,339
19,8,6,0,217
2,49,7,1,549
1,9,8,0,151
9,16,3,0,226
16,9,6,0,212
14,44,10,1,580
8,6,1,0,107
4,38,4,0,428
10,22,9,0,333
4,39,6,1,452
2,15,7,0,209
2,11,1,0,127
5,22,7,0,294
17,40,8,1,541
8,45,2,1,504
1,27,6,0,317
7,46,3,1,516
1,34,3,0,366
5,9,4,0,143
16,40,1,1,487
14,23,6,0,342
13,38,8,0,501
7,19,7,1,274
13,27,1,0,342
3,35,2,0,379
15,30,6,0,417
13,23,10,0,365
2,22,1,0,237
2,42,4,1,458
12,17,2,0,244
5,40,1,0,432
5,42,8,1,501
8,11,4,0,178
2,36,9,0,433
16,48,5,1,595
2,38,10,1,460
9,49,10,1,605
3,50,1,1,522
5,38,7,1,454
11,20,9,0,318
15,30,6,0,417
19,38,3,1,496
20,47,2,0,584
5,41,4,1,463
13,25,1,0,322
14,27,9,0,403
7,27,5,0,340
13,19,3,0,276
19,16,6,0,297
2,33,2,0,354
8,47,9,1,573
8,18,3,0,241
16,15,6,0,272
16,18,9,0,323
13,20,2,0,279
18,40,9,0,553
16,13,7,0,259
12,33,8,0,446
5,24,3,0,286
20,27,5,0,405
3,7,3,0,106
13,26,4,0,353
0,46,8,1,516
3,22,8,0,291
14,46,4,1,558
11,14,7,0,244
3,19,3,0,226
8,36,1,0,407
6,28,3,0,331
3,47,10,1,555
8,32,5,1,395
20,22,7,0,369
11,12,1,0,182
8,20,3,0,261
19,32,4,0,443
9,24,7,0,334
7,24,3,0,296
20,28,8,0,436
16,20,6,0,322
4,47,5,1,525
1,9,6,0,137
8,36,7,0,449
0,21,3,0,231
1,48,4,1,513
16,18,10,0,330
20,21,5,0,345
17,30,1,0,392
15,25,9,0,388
20,18,3,0,301
19,43,10,1,595
12,11,10,0,240
10,47,3,1,541
19,26,6,0,397
18,47,1,1,567
16,34,9,1,483
4,48,7,0,549
13,5,7,0,164
10,39,10,1,510
6,49,7,1,569
4,41,10,0,500
5,43,10,1,525
7,47,4,1,533
2,43,4,1,468
11,8,1,0,142
15,14,10,0,285
16,45,3,1,551
16,22,9,0,363
18,45,9,0,603
6,49,7,1,569
18,38,9,1,533
10,10,6,0,192
19,23,3,0,346
11,34,2,0,409
0,16,2,0,174
10,15,3,0,221
18,45,2,1,554
8,10,2,0,154
7,7,9,0,168
6,21,5,0,275
12,36,6,1,462
19,5,5,0,180
5,13,9,0,218
10,32,4,0,398
0,26,7,0,309
13,16,8,0,281
2,32,1,0,337
4,48,1,1,507
3,45,1,1,472
5,23,1,0,262
1,44,3,1,466
2,25,9,0,323
5,13,6,0,197
11,33,8,1,441
0,21,5,0,245
9,45,8,1,551
16,44,1,1,527
9,12,8,0,221
5,7,3,0,116
15,26,3,1,356
3,19,8,0,261
14,19,2,0,274
3,41,4,1,453
20,24,8,0,396
9,5,1,0,102
19,31,10,1,475
9,50,3,1,566
4,15,5,0,205
7,30,4,1,363
18,42,9,1,573
5,39,10,1,485
20,30,3,0,421
9,35,2,0,409
4,21,10,0,300
2,5,3,0,81
1,18,6,0,227
8,47,1,0,517
6,28,3,0,331
0,28,1,0,287
0,18,5,0,215
18,45,3,1,561
18,9,3,0,201
2,14,1,0,157
4,46,5,1,515
8,49,10,1,600
18,36,3,1,471
17,33,8,1,471
11,29,9,0,408
13,28,7,0,394
4,28,9,0,363
17,47,6,1,597
4,6,4,0,108
10,20,3,1,271
3,7,3,1,106
13,5,4,0,143
20,43,4,1,558
16,25,9,0,393
18,5,5,0,175
8,24,1,0,287
10,8,10,1,200
15,31,6,0,427
5,24,2,0,279
6,20,9,0,293
8,18,3,0,241
20,29,10,1,460
12,23,5,0,325
9,5,7,0,144
11,48,2,0,549
1,33,4,0,363
10,49,6,1,582
5,38,4,0,433
14,48,6,0,592
18,15,2,0,254
6,49,8,1,576
9,27,2,0,329
8,14,6,0,222
10,25,1,0,307
7,10,1,0,142
3,30,4,0,343
2,6,10,0,140
13,18,1,0,252
9,42,2,1,479
1,39,10,1,465
15,32,4,0,423
13,11,7,0,224
1,38,3,1,406
9,12,7,0,214
6,50,3,1,551
18,41,10,1,570
19,42,7,1,564
8,32,1,0,367
13,15,10,0,285
13,50,3,1,586
20,26,10,0,430
10,46,10,1,580
17,28,9,0,428
13,40,3,1,486
6,8,7,0,159
17,33,1,0,422
8,26,4,1,328
10,6,5,0,145
18,30,4,0,418
12,38,10,1,510
15,47,5,1,580
9,33,5,0,410
2,46,10,1,540
0,31,2,0,324
12,16,9,0,283
6,44,8,1,526
12,44,9,0,563
20,22,7,0,369
10,44,9,1,553
3,10,5,0,150
9,7,3,0,136
9,48,1,1,532
10,30,4,0,378
17,49,5,1,610
12,20,2,0,274
18,18,3,0,291
20,26,3,0,381
3,16,4,1,203
13,38,10,1,515
6,8,8,0,166
10,18,8,0,286
2,45,8,1,516
4,36,5,0,415
9,16,2,0,219
11,25,6,0,347
14,28,8,0,406
14,29,9,0,423
3,34,8,0,411
20,7,10,0,240
11,33,4,0,413
9,5,6,0,137
6,40,3,0,451
20,10,8,0,256
6,29,10,0,390
11,40,4,1,483
0,38,4,0,408
4,8,6,0,142
17,38,4,1,493
5,43,1,1,462
5,42,6,1,487
3,15,10,0,235
1,9,5,0,130
9,9,9,0,198
17,15,7,0,284
3,9,5,0,140
8,23,2,0,284
19,22,1,0,322
2,6,4,0,98
10,49,4,1,568
6,44,3,1,491
6,6,8,0,146
13,26,2,0,339
9,46,6,1,547
11,42,1,0,482
2,24,1,0,257
3,37,5,0,420
16,45,3,1,551
5,46,10,0,555
12,49,4,1,578
0,44,6,1,482
20,50,3,1,621
8,39,2,1,444
5,43,2,1,469
5,50,7,1,574
9,38,9,1,488
9,28,2,0,339
8,8,10,0,190
4,37,2,0,404
10,44,2,0,504
13,5,1,0,122
10,46,9,1,573
7,10,8,0,191
13,14,8,0,261
2,25,3,0,281
16,41,1,1,497
10,32,7,1,419
19,18,10,0,345
17,42,3,1,526
13,7,8,0,191
2,36,7,0,419
13,29,9,0,418
1,14,7,0,194
6,5,9,0,143
8,34,6,0,422
14,40,3,1,491
8,34,6,0,422
13,50,3,1,586
2,28,1,0,297
20,45,5,1,585
5,28,9,0,368
8,18,8,0,276
16,50,8,1,636
13,18,10,0,315
9,26,3,0,326
15,7,1,0,152
17,23,7,0,364
6,13,4,0,188
16,35,6,1,472
4,13,7,0,199
1,13,2,0,149
6,44,5,1,505
8,44,6,1,522
17,8,5,0,200
13,21,4,0,303
18,47,6,1,602
19,29,6,0,427
4,26,7,0,329
18,39,5,0,515
15,24,8,0,371
17,23,10,0,385
7,24,8,0,331
0,27,9,0,333
0,28,10,0,350
9,18,8,0,281
6,40,5,1,465
17,49,10,1,645
4,38,5,0,435
6,31,9,0,403
12,6,9,0,183
3,44,7,1,504
18,43,8,1,576
10,7,9,0,183
1,41,5,0,450
0,29,1,0,297
20,43,9,1,593
17,20,3,0,306
18,39,2,1,494
11,26,5,0,350
6,30,8,0,386
6,21,5,0,275
10,23,2,0,294
4,41,2,0,444
19,10,1,0,202
1,45,9,1,518
5,14,5,0,200
3,7,3,0,106
6,22,3,0,271
9,32,10,0,435
8,39,10,1,500
11,5,1,0,112
5,19,1,0,222
1,36,10,0,435
11,44,8,0,551
16,16,4,0,268
4,42,10,1,510
15,46,8,1,591
5,37,10,1,465
7,10,9,0,198
18,14,3,0,251
3,6,1,0,82
14,17,5,0,275
4,17,7,0,239
14,48,5,1,585
12,22,3,1,301
5,30,4,0,353
7,13,1,1,172
6,28,6,0,352
0,38,5,0,415
10,49,5,1,575
6,18,10,0,280
16,39,6,1,512
14,47,1,0,547
20,36,8,1,516
15,24,10,0,385
19,31,8,1,461
5,11,10,0,205
5,5,4,0,103
6,35,5,0,415
17,21,3,0,316
3,11,4,0,153
11,24,8,0,351
13,17,3,0,256
4,25,7,0,319
14,13,7,0,249
6,32,4,0,378
6,38,5,0,445
2,11,2,1,134
2,10,5,0,145
19,44,10,0,605
19,27,8,0,421
15,21,7,0,334
3,33,2,1,359
19,21,2,0,319
9,41,5,1,490
17,23,4,0,343
20,10,4,0,228
17,42,7,1,554
19,12,5,0,250
11,20,9,0,318
5,50,5,1,560
14,24,1,0,317
5,20,7,0,274
5,50,4,1,553
13,21,7,0,324
12,50,5,1,595
11,22,3,0,296
8,40,4,1,468
15,5,7,0,174
17,24,7,0,374
18,50,1,1,597
6,32,2,0,364
8,43,5,0,505
14,49,5,1,595
0,9,5,0,125
19,11,9,0,268
4,21,8,0,286
19,23,8,0,381
17,7,3,0,176
7,27,5,0,340
10,24,3,0,311
5,40,7,1,474
18,29,9,0,443
15,37,7,1,494
12,42,6,1,522
1,39,6,0,437
1,42,5,1,460
2,37,6,0,422
7,20,1,0,242
6,31,6,0,382
15,34,5,0,450
7,33,8,0,421
5,49,2,1,529
4,43,2,1,464
16,49,9,1,633
12,7,10,0,200
14,11,1,0,187
5,39,9,1,478
6,31,7,0,389
12,40,9,1,523
9,17,5,0,250
11,39,1,1,452
11,17,4,0,253
2,13,4,0,168
3,44,3,1,476
10,26,3,0,331
1,18,8,0,241
17,28,7,0,414
13,17,1,0,242
5,5,3,0,96
4,5,7,0,119
5,50,3,1,546
4,15,7,0,219
12,19,5,0,285
10,23,4,0,308
5,15,7,0,224
0,15,8,0,206
4,23,9,0,313
4,15,9,0,233
6,31,4,0,368
12,16,6,0,262
13,48,8,1,601
14,46,3,1,551
13,30,3,0,386
18,50,6,1,632
17,13,1,0,222
18,36,4,1,478
11,8,1,0,142
14,20,1,0,277
14,8,5,0,185
7,43,2,1,479
12,25,1,1,317
19,42,5,1,550
10,24,6,0,332
19,26,8,0,411
15,11,3,0,206
10,24,10,0,360
13,16,8,0,281
20,26,2,1,374
2,31,2,0,334
11,49,6,1,587
20,30,5,0,435
5,44,5,1,500
19,5,6,0,187
6,38,10,1,480
8,10,5,0,175
7,41,3,1,466
17,49,10,1,645
16,22,8,0,356
11,21,10,0,335
17,38,3,1,486
18,16,7,0,299
14,30,4,0,398
10,42,5,1,505
5,6,6,0,127
17,38,10,1,535
17,40,4,1,513
11,13,5,0,220
16,42,7,1,549
13,12,6,0,227
14,24,5,0,345
20,35,5,1,485
18,22,4,0,338
7,28,5,0,350
15,34,2,0,429
0,30,7,0,349
1,47,3,1,496
3,49,6,1,547
1,24,7,0,294
15,41,4,1,513
0,20,7,0,249
1,29,2,0,309
6,46,8,1,546
11,38,10,1,505
4,29,1,0,317
20,23,7,0,379
14,46,9,1,593
10,44,2,1,504
7,37,7,0,454
8,10,8,0,196
1,40,7,1,454
14,50,6,1,612
8,45,8,1,546
16,37,4,1,478
0,33,1,0,337
14,12,7,0,239
18,44,3,1,551
17,27,3,0,376
10,39,5,1,475
18,39,7,1,529
16,42,10,1,570
9,19,2,0,249
7,35,3,0,406
18,44,6,1,572
19,18,3,1,296
18,34,1,0,437
17,30,5,0,420
15,9,6,0,207
20,22,1,0,327
2,22,4,0,258
18,38,2,1,484
20,5,6,0,192
18,19,7,0,329
1,17,5,0,210
13,27,7,0,384
13,15,1,0,222
19,29,10,1,455
13,49,4,1,583
4,10,3,0,141
5,35,10,0,445
11,50,10,0,625
15,38,4,1,483
19,25,2,0,359
8,44,1,0,487
11,41,8,1,521
19,35,2,1,459
18,38,5,0,505
19,5,8,0,201
9,19,1,0,242
3,35,7,0,414
14,45,7,1,569
6,12,10,0,220
1,46,3,1,486
7,45,7,1,534
16,45,5,1,565
11,44,2,1,509
13,20,7,0,314
12,34,3,0,421
17,34,5,1,460
20,29,7,0,439
5,38,10,1,475
12,38,7,1,489
10,41,2,1,474
19,16,1,0,262
14,21,4,1,308
7,5,8,0,141
18,16,9,0,313
19,15,6,0,287
16,40,4,1,508
1,19,5,0,230
18,14,4,0,258
11,20,3,0,276
18,49,7,1,629
8,16,3,0,221
8,27,5,0,345
19,28,1,0,382
20,40,7,1,549
12,5,7,0,159
20,10,2,0,214
16,46,2,1,554
20,38,2,0,494
0,15,2,0,164
11,5,4,0,133
14,48,3,1,571
5,22,5,0,280
19,50,9,1,658
12,26,6,0,362
14,32,7,0,439
11,25,8,0,361
4,47,7,1,539
20,32,2,0,434
12,22,8,0,336
15,29,10,0,435
17,22,7,0,354
0,32,10,0,390
6,16,10,0,260
18,34,7,0,479
2,38,9,1,453
10,12,2,0,184
6,36,2,0,404
16,50,5,1,615
4,27,4,0,318
17,44,2,1,539
14,29,10,0,430
14,42,5,1,525
13,44,6,1,547
7,14,2,0,189
10,43,2,1,494
3,41,6,1,467
20,22,8,0,376
18,11,10,0,270
11,15,1,0,212
6,33,8,0,416
12,19,1,0,257
1,7,7,0,124
6,17,1,0,207
2,10,10,0,180
13,11,3,0,196
18,5,10,0,210
0,21,4,0,238
19,22,7,1,364
6,39,5,1,455
4,21,5,0,265
1,31,9,0,378
17,29,2,0,389
16,16,9,0,303
15,39,2,1,479
20,37,7,1,519
20,38,8,1,536
2,25,6,0,302
14,29,2,0,374
7,50,7,1,584
18,31,5,0,435
4,38,9,1,463
6,46,6,1,532
15,45,4,1,553
18,41,5,0,535
10,25,8,0,356
0,21,9,0,273
12,6,10,0,190
18,22,7,0,359
15,47,4,1,573
14,21,6,0,322
19,41,4,1,533
9,32,10,0,435
1,40,4,0,433
5,48,10,1,575
4,19,6,0,252
20,34,2,1,454
9,34,7,0,434
15,20,5,0,310
5,27,4,0,323
1,42,7,1,474
1,44,2,1,459
6,28,6,0,352
3,34,4,0,383
17,26,10,0,415
14,25,6,0,362
13,8,1,0,152
1,18,10,0,255
16,22,5,1,335
13,5,8,0,171
10,7,5,0,155
10,21,10,0,330
7,29,1,0,332
8,18,7,0,269
11,33,2,0,399
4,34,1,0,367
6,13,4,0,188
4,20,5,0,255
17,36,2,0,459
13,33,4,0,423
6,31,5,0,375
10,10,4,0,178
13,47,4,1,563
1,28,5,0,320
18,5,1,0,147
0,42,9,1,483
11,26,3,0,336
2,31,5,0,355
20,38,2,1,494
8,26,3,0,321
8,47,7,1,559
19,24,5,0,370
17,8,4,0,193
14,5,10,0,190
15,28,10,0,425
11,36,2,0,429
12,8,1,0,147
18,36,6,1,492
13,11,2,0,189
17,27,1,1,362
11,11,2,0,179
15,50,5,1,610
7,24,4,0,303
3,27,10,0,355
16,23,3,0,331
12,35,8,1,466
12,37,9,1,493
11,30,9,0,418
7,6,2,0,109
3,20,2,0,229
2,23,5,0,275
6,21,4,0,268
18,26,2,0,364
0,29,4,0,318
16,38,3,0,481
2,34,7,0,399
15,24,2,0,329
10,6,9,0,173
0,14,4,0,168
7,36,8,1,451
4,40,8,0,476
6,11,8,0,196
11,12,8,0,231
15,29,4,0,393
19,37,5,1,500
20,28,4,0,408
1,20,5,0,240
7,5,1,0,92
2,12,9,0,193
18,38,6,1,512
3,9,7,0,154
2,16,6,0,212
14,45,8,1,576
13,36,7,1,474
20,27,3,0,391
10,43,6,1,522
10,39,5,1,475
13,36,9,0,488
13,5,2,0,129
13,20,10,0,335
5,47,9,1,558
17,31,2,0,409
0,7,8,1,126
12,38,10,1,510
6,27,3,0,321
20,22,5,0,355
18,35,2,1,454
16,13,7,0,259
13,37,8,1,491
3,49,10,1,575
11,19,1,0,252
19,47,9,1,628
6,46,3,1,511
16,18,10,0,330
17,24,9,0,388
12,46,4,1,548
0,9,4,0,118
4,42,4,1,468
7,6,5,0,130
18,46,4,1,578
20,26,1,0,367
19,12,6,0,257
4,12,2,0,154
2,45,2,1,474
8,13,10,0,240
9,8,10,0,195
19,19,5,0,320
0,11,8,0,166
0,36,8,0,416
3,7,1,0,92
18,32,4,0,438
15,25,8,0,381
19,8,2,0,189
14,24,8,0,366
4,38,4,0,428
5,42,10,1,515
18,35,5,1,475
8,24,4,0,308
7,20,4,0,263
5,47,3,1,516
11,14,7,0,244
8,39,3,1,451
14,13,4,0,228
2,36,2,0,384
11,10,9,0,218
20,6,8,1,216
10,28,4,0,358
15,12,9,0,258
17,36,5,1,480
20,25,5,0,385
15,24,2,1,329
9,27,7,0,364
11,43,2,1,499
5,25,3,0,296
3,9,4,0,133
16,10,8,0,236
10,46,5,1,545
20,15,1,0,257
9,11,9,0,218
0,9,8,0,146
20,46,2,1,574
3,45,5,1,500
9,5,8,1,151
15,6,8,1,191
7,33,9,0,428
8,39,5,1,465
13,49,8,1,611
0,16,8,0,216
19,45,2,1,559
9,49,9,1,598
4,43,5,0,485
18,45,6,1,582
20,49,1,1,597
16,16,1,0,247
10,24,7,0,339
20,38,8,1,536
2,9,7,0,149
4,41,1,0,437
11,22,5,0,310
5,42,3,1,466
17,39,7,1,524
6,46,1,1,497
14,31,10,0,450
12,27,8,0,386
3,44,2,1,469
19,9,9,0,248
5,48,7,1,554
16,11,6,0,232
0,33,6,0,372
17,26,5,0,380
20,19,3,1,311
20,48,5,1,615
3,34,10,0,425
19,24,7,0,384
15,15,3,0,246
20,25,3,0,371
7,29,4,0,353
14,5,8,0,176
15,30,4,0,403
5,9,8,0,171
20,10,7,0,249
4,20,8,1,276
9,22,10,0,335
1,10,3,0,126
17,12,1,0,212
12,42,7,1,529
0,41,7,1,459
13,30,10,0,435
2,43,3,1,461
18,25,3,0,361
17,28,1,0,372
10,48,4,1,558
17,30,4,0,413
18,44,9,1,593
14,20,8,0,326
8,40,5,1,475
1,15,4,0,183
2,37,2,0,394
15,48,10,1,625
13,9,6,0,197
20,31,9,1,473
4,26,5,0,315
17,20,3,0,306
4,39,3,0,431
6,12,7,0,199
12,29,3,1,371
3,34,5,0,390
18,17,9,0,323
0,33,10,0,400
18,30,4,0,418
7,27,5,0,340
13,6,3,0,146
16,14,9,0,283
5,33,9,0,418
10,6,9,0,173
9,49,7,1,584
17,24,9,0,388
8,27,7,0,359
1,18,8,0,241
13,34,2,0,419
6,8,8,0,166
4,9,4,1,138
14,50,9,0,633
19,23,8,0,381
19,7,1,0,172
14,34,3,0,431
4,33,9,0,413
16,27,4,0,378
16,9,9,0,233
1,39,10,1,465
8,48,9,1,583
13,10,6,0,207
18,12,10,0,280
5,35,2,0,389
7,19,1,0,232
14,33,3,0,421
20,34,9,1,503
10,17,6,0,262
7,21,10,0,315
7,25,10,1,355
12,7,8,0,186
13,15,6,0,257
11,47,3,1,546
9,19,1,0,242
0,9,5,0,125
18,14,6,0,272
5,16,9,0,248
6,41,3,1,461
2,22,6,1,272
17,31,10,1,465
14,42,2,1,504
1,45,9,1,518
2,42,8,1,486
1,19,1,0,202
0,49,10,1,560
16,38,4,1,488
13,6,4,0,153
7,12,6,0,197
5,47,7,0,544
13,50,7,1,614
8,9,7,0,179
3,8,8,0,151
7,33,3,0,386
0,32,10,1,390
7,36,1,0,402
17,49,5,1,610
4,19,9,0,273
1,33,1,0,342
9,31,1,0,362
7,36,5,0,430
9,5,8,0,151
6,5,7,0,129
16,16,8,0,296
2,23,8,0,296
0,31,2,0,324
4,26,6,0,322
9,11,5,0,190
10,30,2,0,364
2,29,1,0,307
6,19,5,0,255
11,47,3,1,546
8,8,9,0,183
2,34,8,0,406
14,12,2,0,204
7,50,3,0,556
15,50,9,1,638
4,5,4,0,98
1,31,10,0,385
6,42,9,1,513
1,14,3,1,166
20,50,8,1,656
18,43,5,0,555
14,43,9,1,563
2,7,2,0,94
7,45,8,1,541
6,42,10,1,520
13,32,4,0,413
4,13,10,0,220
4,8,6,0,142
9,25,6,0,337
7,40,2,0,449
4,28,7,0,349
12,45,6,1,552
7,24,7,0,324
9,6,6,0,147
4,22,9,0,303
5,48,9,1,568
15,27,6,0,387
16,29,3,0,391
2,27,10,1,350
10,28,4,0,358
11,6,8,0,171
4,42,1,0,447
13,13,4,0,223
9,35,6,0,437
1,24,9,0,308
6,46,2,1,504
4,26,7,0,329
3,39,3,1,426
9,34,8,0,441
16,38,7,1,509
2,48,1,1,497
15,43,4,1,533
14,15,10,0,290
20,22,7,0,369
16,18,6,0,302
20,16,4,0,288
10,18,2,0,244
10,22,9,0,333
10,44,2,1,504
3,35,5,0,400
6,21,2,0,254
17,47,5,0,590
15,21,3,0,306
3,29,6,0,347
9,16,3,0,226
9,11,6,0,197
20,41,8,1,566
18,36,4,1,478
11,40,7,1,504
12,20,8,0,316
11,29,1,0,352
18,25,2,0,354
10,32,9,0,433
20,7,3,0,191
8,14,6,0,222
10,48,1,1,537
0,33,9,0,393
20,39,8,1,546
9,22,6,0,307
16,42,6,1,542
10,46,2,1,524
18,21,1,0,307
11,22,10,0,345
14,7,1,0,147
14,14,8,0,266
12,7,10,0,200
4,8,3,0,121
10,24,2,0,304
0,48,6,1,522
13,44,1,1,512
6,26,2,0,304
17,23,4,0,343
4,37,1,0,397
2,18,3,0,211
10,14,7,0,239
20,19,7,0,339
4,38,9,1,463
4,17,2,0,204
3,35,4,0,393
10,16,8,0,266
19,49,1,1,592
5,13,7,0,204
17,7,3,0,176
20,31,4,0,438
16,10,7,0,229
16,38,4,1,488
19,23,2,0,339
20,11,6,0,252
17,13,2,0,229
4,10,7,0,169
13,42,9,1,548
5,37,10,1,465
18,26,2,0,364
2,23,10,0,310
6,23,2,0,274
6,14,2,0,184
13,38,10,1,515
9,38,3,0,446
16,32,7,0,449
13,7,9,0,198
16,29,9,0,433
8,18,10,0,290
6,8,4,0,138
7,38,3,1,436
20,17,9,0,333
20,39,5,1,525
16,36,1,0,447
12,19,3,0,271
11,17,6,0,267
1,26,10,0,335
11,45,9,1,568
16,26,8,0,396
20,15,7,1,299
2,34,6,0,392
4,18,8,0,256
11,40,10,1,525
1,33,7,0,384
0,47,9,1,533
8,45,6,1,532
3,6,3,0,96
2,33,3,0,361
14,15,6,0,262
0,29,8,0,346
10,18,9,0,293
14,12,5,0,225
9,34,5,0,420
3,41,5,1,460
0,50,3,1,521
15,6,1,0,142
19,41,6,1,547
20,31,4,0,438
9,33,7,0,424
16,30,6,1,422
1,36,7,0,414
1,7,1,0,82
20,39,7,1,539
6,15,5,0,215
11,48,7,1,584
20,10,6,1,242
13,25,1,0,322
17,40,1,1,492
9,37,9,1,478
8,31,8,0,406
13,7,1,0,142
8,18,3,0,241
14,25,1,0,327
8,26,1,0,307
3,38,8,1,451
4,49,1,1,517
15,23,10,0,375
9,24,6,0,327
13,22,4,0,313
8,13,2,0,184
5,26,1,0,292
4,30,4,0,348
18,36,1,0,457
11,42,3,1,496
13,6,1,0,132
6,32,5,0,385
11,29,1,0,352
5,14,1,0,172
13,44,5,1,540
20,14,10,0,310
13,32,9,0,448
4,44,7,1,509
10,26,8,0,366
15,22,10,0,365
9,25,9,0,358
14,48,6,1,592
19,28,6,0,417
20,23,4,0,358
14,39,6,1,502
8,14,9,0,243
1,38,8,0,441
7,48,10,1,585
12,36,7,1,469
13,30,4,0,393
14,21,2,0,294
1,9,5,0,130
7,30,8,0,391
6,47,8,1,556
17,37,9,1,518
19,17,9,0,328
19,22,7,0,364
8,41,2,1,464
0,38,2,0,394
2,32,9,0,393
20,13,1,0,237
14,47,1,1,547
7,41,2,1,459
11,20,5,0,290
18,49,3,1,601
13,19,6,0,297
0,46,1,1,467
7,43,3,1,486
1,45,2,1,469
6,6,5,0,125
13,47,2,1,549
8,15,6,0,232
2,38,2,0,404
20,36,1,1,467
3,43,7,1,494
2,36,3,0,391
1,32,8,0,381
9,10,8,0,201
9,46,8,1,561
0,31,7,0,359
13,5,6,0,157
13,11,5,0,210
17,40,6,0,527
13,38,2,1,459
15,23,2,0,319
12,24,3,0,321
4,17,10,0,260
13,12,6,0,227
8,43,6,1,512
10,17,4,0,248
5,12,7,0,194
7,40,4,1,463
8,42,7,1,509
5,7,3,0,116
15,47,7,1,594
4,45,8,1,526
12,23,10,0,360
17,39,2,1,489
19,47,4,1,593
4,40,9,1,483
11,42,7,0,524
7,44,3,1,496
6,17,7,0,249
8,45,4,1,518
18,40,10,1,560
0,44,1,0,447
11,22,8,0,331
3,43,4,1,473
13,39,3,0,476
8,17,9,0,273
1,10,1,0,112
8,19,1,0,237
1,16,10,0,235
1,46,7,1,514
6,37,5,0,435
13,31,4,0,403
9,6,1,0,112
0,29,5,0,325
5,27,1,0,302
17,24,5,0,360
7,7,4,0,133
4,24,6,0,302
3,7,6,0,127
16,22,10,0,370
16,21,4,0,318
8,24,8,0,336
20,15,9,0,313
7,22,4,0,283
1,26,5,0,300
16,21,1,0,297
1,7,2,0,89
19,33,5,1,460
4,40,4,0,448
7,42,4,1,483
11,29,1,0,352
4,6,7,0,129
16,38,5,1,495
14,7,8,0,196
3,16,2,0,189
18,25,10,1,410
15,10,1,0,182
8,37,10,1,480
16,13,3,0,231
12,7,9,0,193
11,45,2,0,519
14,11,1,0,187
13,15,1,0,222
1,48,7,1,534
17,17,1,1,262
17,45,5,1,570
0,9,2,0,104
6,18,6,0,252
2,19,1,0,207
11,23,6,0,327
12,5,10,0,180
7,17,3,0,226
3,26,4,0,303
16,19,8,0,326
15,11,9,0,248
8,11,4,0,178
9,25,6,0,337
20,19,6,0,332
8,35,5,1,425
20,48,7,1,629
20,35,3,1,471
14,46,3,1,551
7,39,7,1,474
16,12,5,0,235
11,12,6,0,217
0,16,5,0,195
3,8,4,0,123
16,33,2,0,424
17,45,8,1,591
6,11,7,0,189
15,25,2,0,339
11,24,1,0,302
9,8,8,0,181
10,27,7,0,369
6,40,7,0,479
14,42,9,1,553
7,26,1,0,302
5,46,10,0,555
18,17,9,0,323
18,25,8,1,396
18,10,4,0,218
12,26,3,0,341
0,49,7,1,539
5,43,8,1,511
8,30,2,0,354
1,14,8,0,201
19,30,8,1,451
18,11,7,0,249
18,21,2,0,314
15,36,10,1,505
7,48,2,1,529
10,42,6,1,512
5,21,4,0,263
4,19,4,0,238
8,13,8,0,226
20,12,5,0,255
12,7,8,0,186
0,43,4,1,458
2,49,3,1,521
1,10,6,0,147
9,19,3,0,256
2,22,9,0,293
5,42,7,1,494
6,35,3,0,401
7,11,10,0,215
4,47,3,1,511
12,44,10,1,570
18,15,6,0,282
17,39,3,1,496
17,40,1,1,492
14,6,2,0,144
2,35,5,0,395
7,11,10,0,215
5,14,5,0,200
16,47,7,1,599
14,34,5,0,445
4,33,7,0,399
15,37,4,1,473
18,46,6,1,592
11,40,8,1,511
0,32,3,0,341
17,24,5,0,360
18,28,3,0,391
15,43,3,1,526
10,42,6,1,512
16,34,4,0,448
9,20,9,0,308
7,14,3,0,196
3,23,4,1,273
2,27,10,0,350
9,37,1,0,422
7,48,6,1,557
9,21,10,0,325
12,20,7,0,309
10,21,4,0,288
12,6,4,0,148
11,37,3,0,446
10,20,2,0,264
2,37,10,1,450
2,41,5,1,455
1,29,8,0,351
14,44,3,0,531
17,41,9,1,558
11,47,5,1,560
7,44,6,1,517
15,36,2,0,449
14,8,2,0,164
5,7,8,0,151
13,40,10,1,535
14,49,9,1,623
10,7,3,0,141
18,24,9,0,393
3,45,6,1,507
10,50,9,0,613
11,35,10,1,475
14,49,5,1,595
16,19,1,0,277
18,27,5,0,395
16,20,3,0,301
16,33,8,1,466
7,40,5,1,470
9,19,5,0,270
3,36,3,0,396
7,43,6,1,507
13,6,10,0,195
5,7,5,0,130
6,25,3,0,301
17,7,10,0,225
15,30,10,0,445
4,8,5,0,135
1,46,1,1,472
3,9,6,0,147
13,43,9,1,558
1,10,10,0,175
10,42,1,0,477
14,31,7,0,429
5,14,9,0,228
6,38,7,1,459
1,10,5,0,140
15,28,9,0,418
11,19,1,0,252
17,37,4,1,483
11,25,5,0,340
7,35,1,0,392
14,21,6,0,322
6,15,4,0,208
0,11,8,0,166
6,21,6,0,282
17,18,8,0,321
18,34,4,1,458
17,29,3,0,396
3,26,7,0,324
19,38,5,1,510
16,14,3,0,241
4,7,2,0,104
6,16,6,0,232
17,48,9,1,628
13,50,6,1,607
5,22,1,0,252
7,26,8,0,351
6,37,1,0,407
18,5,7,0,189
14,49,2,1,574
13,27,2,0,349
10,38,6,1,472
13,32,8,0,441
14,25,7,0,369
9,49,6,1,577
5,24,5,0,300
10,26,4,1,338
15,13,2,0,219
3,12,7,0,184
4,19,3,0,231
14,39,2,1,474
1,33,3,0,356
18,39,4,1,508
11,5,1,0,112
11,42,8,1,531
1,39,7,0,444
3,30,8,0,371
16,38,8,1,516
19,11,8,0,261
15,21,4,0,313
16,5,7,0,179
19,41,6,1,547
0,18,5,0,215
13,35,3,0,436
2,41,4,0,448
1,22,8,0,281
6,19,3,0,241
11,16,10,0,285
1,10,9,0,168
8,16,1,0,207
0,21,7,0,259
5,19,1,0,222
13,39,7,1,504
10,36,7,0,459
4,47,8,1,546
8,47,2,1,524
15,19,3,0,286
16,47,8,1,606
1,15,5,0,190
9,46,4,1,533
6,39,3,0,441
13,39,2,1,469
16,17,8,0,306
11,47,1,1,532
1,16,6,0,207
12,48,5,1,575
13,41,9,1,538
20,26,2,0,374
1,11,3,1,136
10,14,7,0,239
14,37,5,1,475
16,47,6,1,592
16,50,2,1,594
14,19,5,0,295
1,20,2,0,219
5,5,8,0,131
0,37,5,0,405
1,26,1,0,272
3,39,8,1,461
5,36,10,1,455
5,48,2,1,519
0,47,9,1,533
19,28,1,0,382
13,45,4,1,543
17,19,1,0,282
4,35,1,0,377
8,10,1,0,147
5,28,5,0,340
18,24,2,0,344
0,35,1,0,357
11,32,8,0,431
2,50,3,1,531
0,15,7,0,199
10,34,8,0,446
15,21,8,0,341
3,25,10,0,335
8,21,6,0,292
20,7,5,0,205
19,19,3,0,306
19,5,5,0,180
8,35,6,0,432
10,24,1,0,297
5,29,6,0,357
17,47,5,1,590
7,37,4,0,433
12,19,1,0,257
2,37,7,0,429
15,10,8,0,231
12,50,7,1,609
3,7,4,0,113
3,23,7,0,294
1,24,4,0,273
9,16,7,0,254
10,16,4,0,238
15,11,5,0,220
13,9,7,0,204
20,24,10,0,410
19,37,7,0,514
4,19,10,0,280
1,46,7,1,514
0,44,2,1,454
13,13,2,0,209
1,35,3,0,376
14,40,1,1,477
17,24,10,0,395
19,41,5,1,540
15,43,4,1,533
9,12,7,0,214
1,21,9,0,278
16,50,10,0,650
11,36,5,1,450
19,11,3,0,226
11,30,7,0,404
10,10,9,0,213
7,19,6,0,267
17,42,6,1,547
18,27,2,0,374
7,17,8,0,261
11,8,2,0,149
4,40,8,1,476
11,15,1,0,212
1,32,1,0,332
6,14,4,0,198
9,46,1,1,512
10,14,4,0,218
7,36,6,0,437
16,34,6,1,462
11,15,2,0,219
10,42,9,0,533
6,5,8,0,136
17,7,4,0,183
19,6,8,0,211
15,43,9,1,568
9,21,2,0,269
20,19,9,0,353
17,21,5,1,330
9,19,7,0,284
13,26,9,0,388
15,37,1,1,452
13,28,9,0,408
12,41,2,1,484
7,44,10,1,545
2,31,4,0,348
2,18,4,1,218
13,18,9,0,308
1,24,3,0,266
13,45,9,0,578
0,29,1,0,297
17,49,7,0,624
8,42,3,1,481
1,20,2,0,219
0,41,10,1,480
19,33,6,1,467
19,6,5,0,190
13,21,1,0,282
11,30,6,0,397
13,25,2,0,329
9,14,6,0,227
15,30,2,0,389
4,10,10,0,190
20,30,9,0,463
12,49,8,0,606
18,50,8,1,646
18,28,9,0,433
13,36,6,1,467
10,48,10,1,600
20,16,3,0,281
10,25,7,0,349
17,24,2,0,339
11,43,8,1,541
2,50,10,1,580
10,36,7,0,459
10,7,3,0,141
14,36,4,1,458
17,11,10,0,265
5,27,7,0,344
0,14,8,0,196
1,36,7,0,414
14,49,8,0,616
17,25,9,0,398
16,50,9,0,643
9,49,8,0,591
11,21,1,0,272
3,25,5,0,300
13,18,6,0,287
11,18,10,0,305
12,6,1,0,127
12,38,2,1,454
17,23,3,0,336
0,19,1,0,197
7,37,2,0,419
15,30,10,0,445
3,45,4,1,493
9,15,8,1,251
7,33,5,0,400
4,28,5,0,335
7,7,3,0,126
4,45,5,1,505
2,21,8,0,276
0,32,2,0,334
0,12,4,0,148
16,26,3,0,361
14,50,10,1,640
18,22,3,0,331
8,28,7,0,369
11,34,2,0,409
20,44,2,1,554
8,42,2,1,474
3,14,10,0,225
1,26,9,0,328
12,8,6,0,182
19,42,9,1,578
3,36,6,0,417
19,28,9,0,438
16,35,3,1,451
18,24,6,0,372
10,44,3,1,511
1,40,1,0,412
11,20,7,0,304
1,15,6,0,197
1,15,9,0,218
10,34,4,0,418
13,26,9,0,388
17,31,3,1,416
15,44,6,1,557
1,9,8,0,151
20,44,9,0,603
18,19,10,1,350
20,7,10,0,240
18,38,6,1,512
8,31,8,0,406
16,34,2,0,434
5,19,5,0,250
19,21,3,0,326
5,6,1,0,92
12,15,4,0,238
7,31,10,0,415
13,16,10,0,295
8,28,3,0,341
0,32,6,0,362
19,15,7,0,294
9,10,2,0,159
7,5,2,0,99
3,26,2,0,289
19,18,9,0,338
0,36,10,0,430
19,26,9,0,418
0,34,3,0,361
5,37,9,1,458
5,35,6,0,417
7,15,4,0,213
12,11,8,0,226
0,27,10,0,340
0,43,7,1,479
5,24,2,0,279
15,35,2,0,439
1,42,8,1,481
1,47,9,0,538
4,10,9,0,183
15,13,3,0,226
3,34,8,1,411
10,7,5,0,155
17,42,3,1,526
10,5,5,0,135
19,43,5,0,560
17,16,4,0,273
1,44,3,1,466
6,18,6,0,252
2,47,1,1,487
0,17,7,0,219
5,26,5,0,320
1,31,2,0,329
2,27,5,0,315
1,29,2,0,309
13,38,3,1,466
9,17,1,0,222
4,15,10,0,240
18,21,5,0,335
9,33,8,0,431
2,31,1,0,327
5,10,8,0,181
20,50,10,1,670
12,11,8,0,226
18,23,7,0,369
17,31,4,0,423
6,39,6,1,462
10,38,10,1,500
1,16,3,0,186
10,22,6,0,312
11,32,8,0,431
17,37,10,1,525
18,5,4,0,168
2,10,1,0,117
12,34,3,0,421
5,30,5,0,360
0,5,7,0,99
6,21,5,0,275
20,45,8,1,606
11,5,7,0,154
6,13,6,0,202
15,37,5,1,480
5,14,7,0,214
8,36,8,1,456
18,17,9,0,323
13,48,9,1,608
17,38,8,0,521
17,48,5,1,600
9,19,1,0,242
2,26,6,0,312
20,42,2,1,534
5,50,1,1,532
2,20,2,0,224
6,27,4,0,328
15,13,4,0,233
17,22,5,1,340
7,20,5,0,270
16,14,2,0,234
6,13,9,0,223
17,44,1,1,532
16,29,6,0,412
5,19,1,0,222
3,47,3,1,506
20,7,10,0,240
13,34,10,1,475
13,39,4,1,483
8,29,10,0,400
19,50,5,1,630
16,33,1,0,417
7,20,5,0,270
4,11,4,0,158
0,25,10,0,320
20,14,1,0,247
20,25,4,0,378
9,37,7,1,464
7,17,8,0,261
17,22,5,0,340
6,41,5,1,475
7,50,7,1,584
0,31,9,0,373
6,43,3,1,481
15,19,1,0,272
0,16,6,0,202
19,30,7,0,444
